[2026-04-09 13:28:38] === Application started ===
[2026-04-09 13:28:50] Timeout waiting for frames (video=0, audio=0)...
[2026-04-09 13:28:56] Timeout waiting for frames (video=0, audio=1)...
[2026-04-09 13:29:06] Connection lost: no frames for 15s (video=0, audio=1)
[2026-04-09 13:29:06] Timeout waiting for frames (video=0, audio=0)...
[2026-04-09 13:29:12] Timeout waiting for frames (video=0, audio=1)...
[2026-04-09 13:29:22] Connection lost: no frames for 15s (video=0, audio=1)
[2026-04-09 13:29:22] === Application shutting down ===
[2026-04-09 13:38:50] === Application started ===
[2026-04-09 13:38:52] Creating receiver: color_format=UYVY_BGRA, bandwidth=highest
[2026-04-09 13:38:52] Timeout waiting for frames (video=0, audio=0)...
[2026-04-09 13:38:52] Metadata: <ndi_tally_echo on_program="false" on_preview="true"/>
[2026-04-09 13:38:58] Timeout waiting for frames (video=0, audio=1)...
[2026-04-09 13:39:08] Connection lost: no frames for 15s (video=0, audio=1)
[2026-04-09 13:39:08] Creating receiver: color_format=UYVY_BGRA, bandwidth=highest
[2026-04-09 13:39:08] Timeout waiting for frames (video=0, audio=0)...
[2026-04-09 13:39:08] Metadata: <ndi_tally_echo on_program="false" on_preview="true"/>
[2026-04-09 13:39:13] Connection lost: no frames for 15s (video=0, audio=0)
[2026-04-09 13:39:13] === Application shutting down ===
[2026-04-09 13:47:57] === Application started ===
[2026-04-09 13:48:00] Creating receiver: color_format=fastest, bandwidth=highest
[2026-04-09 13:48:00] Connected to source: BCCS-MAC-MINI (OBS PGM Test)
[2026-04-09 13:48:00] Entering receive loop
[2026-04-09 13:48:00] Connection count: 0
[2026-04-09 13:48:00] Timeout waiting for frames (video=0, audio=0)...
[2026-04-09 13:48:00] Connection count: 0
[2026-04-09 13:48:00] Connection count: 0
[2026-04-09 13:48:00] Metadata: <ndi_tally_echo on_program="false" on_preview="true"/>
[2026-04-09 13:48:01] Connection count: 1
[2026-04-09 13:48:06] Timeout waiting for frames (video=0, audio=1)...
[2026-04-09 13:48:16] Connection lost: no frames for 15s (video=0, audio=1)
[2026-04-09 13:48:16] Creating receiver: color_format=fastest, bandwidth=highest
[2026-04-09 13:48:16] Connected to source: BCCS-MAC-MINI (OBS PGM Test)
[2026-04-09 13:48:16] Entering receive loop
[2026-04-09 13:48:16] Connection count: 0
[2026-04-09 13:48:16] Timeout waiting for frames (video=0, audio=0)...
[2026-04-09 13:48:16] Connection count: 0
[2026-04-09 13:48:16] Connection count: 0
[2026-04-09 13:48:16] Metadata: <ndi_tally_echo on_program="false" on_preview="true"/>
[2026-04-09 13:48:21] Connection lost: no frames for 15s (video=0, audio=0)
[2026-04-09 13:48:21] Creating receiver: color_format=fastest, bandwidth=highest
[2026-04-09 13:48:21] Connected to source: BCCS-MAC-MINI (OBS PGM Test)
[2026-04-09 13:48:21] Entering receive loop
[2026-04-09 13:48:21] Connection count: 0
[2026-04-09 13:48:21] Timeout waiting for frames (video=0, audio=0)...
[2026-04-09 13:48:21] Connection count: 0
[2026-04-09 13:48:21] Connection count: 0
[2026-04-09 13:48:21] Metadata: <ndi_tally_echo on_program="false" on_preview="true"/>
[2026-04-09 13:48:26] Connection lost: no frames for 15s (video=0, audio=0)
[2026-04-09 13:48:26] === Application shutting down ===
[2026-04-09 13:50:50] === Application started ===
[2026-04-09 13:50:53] Creating receiver: color_format=fastest, bandwidth=highest
[2026-04-09 13:50:53] Connected to source: CAM2 (Chan 1, 10.1.10.92)
[2026-04-09 13:50:53] Entering receive loop
[2026-04-09 13:50:53] Connection count: 0
[2026-04-09 13:50:53] Timeout waiting for frames (video=0, audio=0)...
[2026-04-09 13:50:53] Connection count: 0
[2026-04-09 13:50:53] Connection count: 0
[2026-04-09 13:50:53] Connection lost: no frames for 15s (video=0, audio=0)
[2026-04-09 13:50:53] Creating receiver: color_format=fastest, bandwidth=highest
[2026-04-09 13:50:53] Connected to source: CAM2 (Chan 1, 10.1.10.92)
[2026-04-09 13:50:53] Entering receive loop
[2026-04-09 13:50:53] Connection count: 0
[2026-04-09 13:50:53] Timeout waiting for frames (video=0, audio=0)...
[2026-04-09 13:50:53] Connection count: 0
[2026-04-09 13:50:53] Connection count: 0
[2026-04-09 13:50:53] Connection lost: no frames for 15s (video=0, audio=0)
[2026-04-09 13:50:53] Creating receiver: color_format=fastest, bandwidth=highest
[2026-04-09 13:50:53] Connected to source: CAM2 (Chan 1, 10.1.10.92)
[2026-04-09 13:50:53] Entering receive loop
[2026-04-09 13:50:53] Connection count: 0
[2026-04-09 13:50:53] Timeout waiting for frames (video=0, audio=0)...
[2026-04-09 13:50:53] Connection count: 0
[2026-04-09 13:50:53] Connection count: 0
[2026-04-09 13:50:53] Connection lost: no frames for 15s (video=0, audio=0)
[2026-04-09 13:50:53] Creating receiver: color_format=fastest, bandwidth=highest
[2026-04-09 13:50:53] Connected to source: CAM2 (Chan 1, 10.1.10.92)
[2026-04-09 13:50:53] Entering receive loop
[2026-04-09 13:50:53] Connection count: 0
[2026-04-09 13:50:53] Timeout waiting for frames (video=0, audio=0)...
[2026-04-09 13:50:53] Connection count: 0
[2026-04-09 13:50:53] Connection count: 0
[2026-04-09 13:50:53] Connection lost: no frames for 15s (video=0, audio=0)
[2026-04-09 13:50:53] Creating receiver: color_format=fastest, bandwidth=highest
[2026-04-09 13:50:53] Connected to source: CAM2 (Chan 1, 10.1.10.92)
[2026-04-09 13:50:53] Entering receive loop
[2026-04-09 13:50:53] Connection count: 0
[2026-04-09 13:50:53] Timeout waiting for frames (video=0, audio=0)...
[2026-04-09 13:50:53] Connection count: 0
[2026-04-09 13:50:53] Connection count: 0
[2026-04-09 13:50:53] Connection lost: no frames for 15s (video=0, audio=0)
[2026-04-09 13:50:53] Creating receiver: color_format=fastest, bandwidth=highest
[2026-04-09 13:50:53] Connected to source: CAM2 (Chan 1, 10.1.10.92)
[2026-04-09 13:50:53] Entering receive loop
[2026-04-09 13:50:53] Connection count: 0
[2026-04-09 13:50:53] Timeout waiting for frames (video=0, audio=0)...
[2026-04-09 13:50:53] Connection count: 0
[2026-04-09 13:50:53] Connection count: 0
[2026-04-09 13:50:53] Connection lost: no frames for 15s (video=0, audio=0)
[2026-04-09 13:50:53] Creating receiver: color_format=fastest, bandwidth=highest
[2026-04-09 13:50:53] Connected to source: CAM2 (Chan 1, 10.1.10.92)
[2026-04-09 13:50:53] Entering receive loop
[2026-04-09 13:50:53] Connection count: 0
[2026-04-09 13:50:53] Timeout waiting for frames (video=0, audio=0)...
[2026-04-09 13:50:53] Connection count: 0
[2026-04-09 13:50:53] Connection count: 0
[2026-04-09 13:50:53] Connection lost: no frames for 15s (video=0, audio=0)
[2026-04-09 13:50:53] Creating receiver: color_format=fastest, bandwidth=highest
[2026-04-09 13:50:53] Connected to source: CAM2 (Chan 1, 10.1.10.92)
[2026-04-09 13:50:53] Entering receive loop
[2026-04-09 13:50:53] Connection count: 0
[2026-04-09 13:50:53] Timeout waiting for frames (video=0, audio=0)...
[2026-04-09 13:50:53] Connection count: 0
[2026-04-09 13:50:53] Connection count: 0
[2026-04-09 13:50:53] Connection lost: no frames for 15s (video=0, audio=0)
[2026-04-09 13:50:53] Creating receiver: color_format=fastest, bandwidth=highest
[2026-04-09 13:50:53] Connected to source: CAM2 (Chan 1, 10.1.10.92)
[2026-04-09 13:50:53] Entering receive loop
[2026-04-09 13:50:53] Connection count: 0
[2026-04-09 13:50:53] Timeout waiting for frames (video=0, audio=0)...
[2026-04-09 13:50:53] Connection count: 0
[2026-04-09 13:50:53] Connection count: 0
[2026-04-09 13:50:53] Connection lost: no frames for 15s (video=0, audio=0)
[2026-04-09 13:50:53] Creating receiver: color_format=fastest, bandwidth=highest
[2026-04-09 13:50:53] Connected to source: CAM2 (Chan 1, 10.1.10.92)
[2026-04-09 13:50:53] Entering receive loop
[2026-04-09 13:50:53] Connection count: 0
[2026-04-09 13:50:53] Timeout waiting for frames (video=0, audio=0)...
[2026-04-09 13:50:53] Connection count: 0
[2026-04-09 13:50:53] Connection count: 0
[2026-04-09 13:50:53] Connection lost: no frames for 15s (video=0, audio=0)
[2026-04-09 13:50:53] Creating receiver: color_format=fastest, bandwidth=highest
[2026-04-09 13:50:53] Connected to source: CAM2 (Chan 1, 10.1.10.92)
[2026-04-09 13:50:53] Entering receive loop
[2026-04-09 13:50:53] Connection count: 0
[2026-04-09 13:50:53] Timeout waiting for frames (video=0, audio=0)...
[2026-04-09 13:50:53] Connection count: 0
[2026-04-09 13:50:53] Connection count: 0
[2026-04-09 13:50:53] Connection lost: no frames for 15s (video=0, audio=0)
[2026-04-09 13:50:53] Creating receiver: color_format=fastest, bandwidth=highest
[2026-04-09 13:50:53] Connected to source: CAM2 (Chan 1, 10.1.10.92)
[2026-04-09 13:50:53] Entering receive loop
[2026-04-09 13:50:53] Connection count: 0
[2026-04-09 13:50:53] Timeout waiting for frames (video=0, audio=0)...
[2026-04-09 13:50:53] Connection count: 0
[2026-04-09 13:50:53] Connection count: 0
[2026-04-09 13:50:53] Connection lost: no frames for 15s (video=0, audio=0)
[2026-04-09 13:50:53] Creating receiver: color_format=fastest, bandwidth=highest
[2026-04-09 13:50:53] Connected to source: CAM2 (Chan 1, 10.1.10.92)
[2026-04-09 13:50:53] Entering receive loop
[2026-04-09 13:50:53] Connection count: 0
[2026-04-09 13:50:53] Timeout waiting for frames (video=0, audio=0)...
[2026-04-09 13:50:53] Connection count: 0
[2026-04-09 13:50:53] Connection count: 0
[2026-04-09 13:50:53] Connection lost: no frames for 15s (video=0, audio=0)
[2026-04-09 13:50:53] Creating receiver: color_format=fastest, bandwidth=highest
[2026-04-09 13:50:53] Connected to source: CAM2 (Chan 1, 10.1.10.92)
[2026-04-09 13:50:53] Entering receive loop
[2026-04-09 13:50:53] Connection count: 0
[2026-04-09 13:50:53] Timeout waiting for frames (video=0, audio=0)...
[2026-04-09 13:50:53] Connection count: 0
[2026-04-09 13:50:53] Connection count: 0
[2026-04-09 13:50:53] Connection lost: no frames for 15s (video=0, audio=0)
[2026-04-09 13:50:53] Creating receiver: color_format=fastest, bandwidth=highest
[2026-04-09 13:50:53] Connected to source: CAM2 (Chan 1, 10.1.10.92)
[2026-04-09 13:50:53] Entering receive loop
[2026-04-09 13:50:53] Connection count: 0
[2026-04-09 13:50:53] Timeout waiting for frames (video=0, audio=0)...
[2026-04-09 13:50:53] Connection count: 0
[2026-04-09 13:50:53] Connection count: 0
[2026-04-09 13:50:53] Connection lost: no frames for 15s (video=0, audio=0)
[2026-04-09 13:50:53] Creating receiver: color_format=fastest, bandwidth=highest
[2026-04-09 13:50:53] Connected to source: CAM2 (Chan 1, 10.1.10.92)
[2026-04-09 13:50:53] Entering receive loop
[2026-04-09 13:50:53] Connection count: 0
[2026-04-09 13:50:53] Timeout waiting for frames (video=0, audio=0)...
[2026-04-09 13:50:53] Connection count: 0
[2026-04-09 13:50:53] Connection count: 0
[2026-04-09 13:50:53] Connection lost: no frames for 15s (video=0, audio=0)
[2026-04-09 13:50:53] Creating receiver: color_format=fastest, bandwidth=highest
[2026-04-09 13:50:53] Connected to source: CAM2 (Chan 1, 10.1.10.92)
[2026-04-09 13:50:53] Entering receive loop
[2026-04-09 13:50:53] Connection count: 0
[2026-04-09 13:50:53] Timeout waiting for frames (video=0, audio=0)...
[2026-04-09 13:50:53] Connection count: 0
[2026-04-09 13:50:53] Connection count: 0
[2026-04-09 13:50:53] Connection lost: no frames for 15s (video=0, audio=0)
[2026-04-09 13:50:54] Creating receiver: color_format=fastest, bandwidth=highest
[2026-04-09 13:50:54] Connected to source: CAM2 (Chan 1, 10.1.10.92)
[2026-04-09 13:50:54] Entering receive loop
[2026-04-09 13:50:54] Connection count: 0
[2026-04-09 13:50:54] Timeout waiting for frames (video=0, audio=0)...
[2026-04-09 13:50:54] Connection count: 0
[2026-04-09 13:50:54] Connection count: 0
[2026-04-09 13:50:54] Connection lost: no frames for 15s (video=0, audio=0)
[2026-04-09 13:50:54] Creating receiver: color_format=fastest, bandwidth=highest
[2026-04-09 13:50:54] Connected to source: CAM2 (Chan 1, 10.1.10.92)
[2026-04-09 13:50:54] Entering receive loop
[2026-04-09 13:50:54] Connection count: 0
[2026-04-09 13:50:54] Timeout waiting for frames (video=0, audio=0)...
[2026-04-09 13:50:54] Connection count: 0
[2026-04-09 13:50:54] Connection count: 0
[2026-04-09 13:50:54] Connection lost: no frames for 15s (video=0, audio=0)
[2026-04-09 13:50:54] Creating receiver: color_format=fastest, bandwidth=highest
[2026-04-09 13:50:54] Connected to source: CAM2 (Chan 1, 10.1.10.92)
[2026-04-09 13:50:54] Entering receive loop
[2026-04-09 13:50:54] Connection count: 0
[2026-04-09 13:50:54] Timeout waiting for frames (video=0, audio=0)...
[2026-04-09 13:50:54] Connection count: 0
[2026-04-09 13:50:54] Connection count: 0
[2026-04-09 13:50:54] Connection lost: no frames for 15s (video=0, audio=0)
[2026-04-09 13:50:54] Creating receiver: color_format=fastest, bandwidth=highest
[2026-04-09 13:50:54] Connected to source: CAM2 (Chan 1, 10.1.10.92)
[2026-04-09 13:50:54] Entering receive loop
[2026-04-09 13:50:54] Connection count: 0
[2026-04-09 13:50:54] Timeout waiting for frames (video=0, audio=0)...
[2026-04-09 13:50:54] Connection count: 0
[2026-04-09 13:50:54] Connection count: 0
[2026-04-09 13:50:54] Connection lost: no frames for 15s (video=0, audio=0)
[2026-04-09 13:50:54] Creating receiver: color_format=fastest, bandwidth=highest
[2026-04-09 13:50:54] Connected to source: CAM2 (Chan 1, 10.1.10.92)
[2026-04-09 13:50:54] Entering receive loop
[2026-04-09 13:50:54] Connection count: 0
[2026-04-09 13:50:54] Timeout waiting for frames (video=0, audio=0)...
[2026-04-09 13:50:54] Connection count: 0
[2026-04-09 13:50:54] Connection count: 0
[2026-04-09 13:50:54] Connection lost: no frames for 15s (video=0, audio=0)
[2026-04-09 13:50:54] Creating receiver: color_format=fastest, bandwidth=highest
[2026-04-09 13:50:54] Connected to source: CAM2 (Chan 1, 10.1.10.92)
[2026-04-09 13:50:54] Entering receive loop
[2026-04-09 13:50:54] Connection count: 0
[2026-04-09 13:50:54] Timeout waiting for frames (video=0, audio=0)...
[2026-04-09 13:50:54] Connection count: 0
[2026-04-09 13:50:54] Connection count: 0
[2026-04-09 13:50:54] Connection lost: no frames for 15s (video=0, audio=0)
[2026-04-09 13:50:54] Creating receiver: color_format=fastest, bandwidth=highest
[2026-04-09 13:50:54] Connected to source: CAM2 (Chan 1, 10.1.10.92)
[2026-04-09 13:50:54] Entering receive loop
[2026-04-09 13:50:54] Connection count: 0
[2026-04-09 13:50:54] Timeout waiting for frames (video=0, audio=0)...
[2026-04-09 13:50:54] Connection count: 0
[2026-04-09 13:50:54] Connection count: 0
[2026-04-09 13:50:54] Connection lost: no frames for 15s (video=0, audio=0)
[2026-04-09 13:50:54] Creating receiver: color_format=fastest, bandwidth=highest
[2026-04-09 13:50:54] Connected to source: CAM2 (Chan 1, 10.1.10.92)
[2026-04-09 13:50:54] Entering receive loop
[2026-04-09 13:50:54] Connection count: 0
[2026-04-09 13:50:54] Timeout waiting for frames (video=0, audio=0)...
[2026-04-09 13:50:54] Connection count: 0
[2026-04-09 13:50:54] Connection count: 0
[2026-04-09 13:50:54] Connection lost: no frames for 15s (video=0, audio=0)
[2026-04-09 13:50:54] Creating receiver: color_format=fastest, bandwidth=highest
[2026-04-09 13:50:54] Connected to source: CAM2 (Chan 1, 10.1.10.92)
[2026-04-09 13:50:54] Entering receive loop
[2026-04-09 13:50:54] Connection count: 0
[2026-04-09 13:50:54] Timeout waiting for frames (video=0, audio=0)...
[2026-04-09 13:50:54] Connection count: 0
[2026-04-09 13:50:54] Connection count: 0
[2026-04-09 13:50:54] Connection lost: no frames for 15s (video=0, audio=0)
[2026-04-09 13:50:54] Creating receiver: color_format=fastest, bandwidth=highest
[2026-04-09 13:50:54] Connected to source: CAM2 (Chan 1, 10.1.10.92)
[2026-04-09 13:50:54] Entering receive loop
[2026-04-09 13:50:54] Connection count: 0
[2026-04-09 13:50:54] Timeout waiting for frames (video=0, audio=0)...
[2026-04-09 13:50:54] Connection count: 0
[2026-04-09 13:50:54] Connection count: 0
[2026-04-09 13:50:54] Connection lost: no frames for 15s (video=0, audio=0)
[2026-04-09 13:50:54] Creating receiver: color_format=fastest, bandwidth=highest
[2026-04-09 13:50:54] Connected to source: CAM2 (Chan 1, 10.1.10.92)
[2026-04-09 13:50:54] Entering receive loop
[2026-04-09 13:50:54] Connection count: 0
[2026-04-09 13:50:54] Timeout waiting for frames (video=0, audio=0)...
[2026-04-09 13:50:54] Connection count: 0
[2026-04-09 13:50:54] Connection count: 0
[2026-04-09 13:50:54] Connection lost: no frames for 15s (video=0, audio=0)
[2026-04-09 13:50:54] Creating receiver: color_format=fastest, bandwidth=highest
[2026-04-09 13:50:54] Connected to source: CAM2 (Chan 1, 10.1.10.92)
[2026-04-09 13:50:54] Entering receive loop
[2026-04-09 13:50:54] Connection count: 0
[2026-04-09 13:50:54] Timeout waiting for frames (video=0, audio=0)...
[2026-04-09 13:50:54] Connection count: 0
[2026-04-09 13:50:54] Connection count: 0
[2026-04-09 13:50:54] Connection lost: no frames for 15s (video=0, audio=0)
[2026-04-09 13:50:54] Creating receiver: color_format=fastest, bandwidth=highest
[2026-04-09 13:50:54] Connected to source: CAM2 (Chan 1, 10.1.10.92)
[2026-04-09 13:50:54] Entering receive loop
[2026-04-09 13:50:54] Connection count: 0
[2026-04-09 13:50:54] Timeout waiting for frames (video=0, audio=0)...
[2026-04-09 13:50:54] Connection count: 0
[2026-04-09 13:50:54] Connection count: 0
[2026-04-09 13:50:54] Connection lost: no frames for 15s (video=0, audio=0)
[2026-04-09 13:50:54] Creating receiver: color_format=fastest, bandwidth=highest
[2026-04-09 13:50:54] Connected to source: CAM2 (Chan 1, 10.1.10.92)
[2026-04-09 13:50:54] Entering receive loop
[2026-04-09 13:50:54] Connection count: 0
[2026-04-09 13:50:54] Timeout waiting for frames (video=0, audio=0)...
[2026-04-09 13:50:54] Connection count: 0
[2026-04-09 13:50:54] Connection count: 0
[2026-04-09 13:50:54] Connection lost: no frames for 15s (video=0, audio=0)
[2026-04-09 13:50:54] Creating receiver: color_format=fastest, bandwidth=highest
[2026-04-09 13:50:54] Connected to source: CAM2 (Chan 1, 10.1.10.92)
[2026-04-09 13:50:54] Entering receive loop
[2026-04-09 13:50:54] Connection count: 0
[2026-04-09 13:50:54] Timeout waiting for frames (video=0, audio=0)...
[2026-04-09 13:50:54] Connection count: 0
[2026-04-09 13:50:54] Connection count: 0
[2026-04-09 13:50:54] Connection lost: no frames for 15s (video=0, audio=0)
[2026-04-09 13:50:54] Creating receiver: color_format=fastest, bandwidth=highest
[2026-04-09 13:50:54] Connected to source: CAM2 (Chan 1, 10.1.10.92)
[2026-04-09 13:50:54] Entering receive loop
[2026-04-09 13:50:54] Connection count: 0
[2026-04-09 13:50:54] Timeout waiting for frames (video=0, audio=0)...
[2026-04-09 13:50:54] Connection count: 0
[2026-04-09 13:50:54] Connection count: 0
[2026-04-09 13:50:54] Connection lost: no frames for 15s (video=0, audio=0)
[2026-04-09 13:50:54] Creating receiver: color_format=fastest, bandwidth=highest
[2026-04-09 13:50:54] Connected to source: CAM2 (Chan 1, 10.1.10.92)
[2026-04-09 13:50:54] Entering receive loop
[2026-04-09 13:50:54] Connection count: 0
[2026-04-09 13:50:54] Timeout waiting for frames (video=0, audio=0)...
[2026-04-09 13:50:54] Connection count: 0
[2026-04-09 13:50:54] Connection count: 0
[2026-04-09 13:50:54] Connection lost: no frames for 15s (video=0, audio=0)
[2026-04-09 13:50:54] Creating receiver: color_format=fastest, bandwidth=highest
[2026-04-09 13:50:54] Connected to source: CAM2 (Chan 1, 10.1.10.92)
[2026-04-09 13:50:54] Entering receive loop
[2026-04-09 13:50:54] Connection count: 0
[2026-04-09 13:50:54] Timeout waiting for frames (video=0, audio=0)...
[2026-04-09 13:50:54] Connection count: 0
[2026-04-09 13:50:54] Connection count: 0
[2026-04-09 13:50:54] Connection lost: no frames for 15s (video=0, audio=0)
[2026-04-09 13:50:54] Creating receiver: color_format=fastest, bandwidth=highest
[2026-04-09 13:50:54] Connected to source: CAM2 (Chan 1, 10.1.10.92)
[2026-04-09 13:50:54] Entering receive loop
[2026-04-09 13:50:54] Connection count: 0
[2026-04-09 13:50:54] Timeout waiting for frames (video=0, audio=0)...
[2026-04-09 13:50:54] Connection count: 0
[2026-04-09 13:50:54] Connection count: 0
[2026-04-09 13:50:54] Connection lost: no frames for 15s (video=0, audio=0)
[2026-04-09 13:50:54] Creating receiver: color_format=fastest, bandwidth=highest
[2026-04-09 13:50:54] Connected to source: CAM2 (Chan 1, 10.1.10.92)
[2026-04-09 13:50:54] Entering receive loop
[2026-04-09 13:50:54] Connection count: 0
[2026-04-09 13:50:54] Timeout waiting for frames (video=0, audio=0)...
[2026-04-09 13:50:54] Connection count: 0
[2026-04-09 13:50:54] Connection count: 0
[2026-04-09 13:50:54] Connection lost: no frames for 15s (video=0, audio=0)
[2026-04-09 13:50:54] Creating receiver: color_format=fastest, bandwidth=highest
[2026-04-09 13:50:54] Connected to source: CAM2 (Chan 1, 10.1.10.92)
[2026-04-09 13:50:54] Entering receive loop
[2026-04-09 13:50:54] Connection count: 0
[2026-04-09 13:50:54] Timeout waiting for frames (video=0, audio=0)...
[2026-04-09 13:50:54] Connection count: 0
[2026-04-09 13:50:54] Connection count: 0
[2026-04-09 13:50:54] Connection lost: no frames for 15s (video=0, audio=0)
[2026-04-09 13:50:54] Creating receiver: color_format=fastest, bandwidth=highest
[2026-04-09 13:50:54] Connected to source: CAM2 (Chan 1, 10.1.10.92)
[2026-04-09 13:50:54] Entering receive loop
[2026-04-09 13:50:54] Connection count: 0
[2026-04-09 13:50:54] Timeout waiting for frames (video=0, audio=0)...
[2026-04-09 13:50:54] Connection count: 0
[2026-04-09 13:50:54] Connection count: 0
[2026-04-09 13:50:54] Connection lost: no frames for 15s (video=0, audio=0)
[2026-04-09 13:50:54] Creating receiver: color_format=fastest, bandwidth=highest
[2026-04-09 13:50:54] Connected to source: CAM2 (Chan 1, 10.1.10.92)
[2026-04-09 13:50:54] Entering receive loop
[2026-04-09 13:50:54] Connection count: 0
[2026-04-09 13:50:54] Timeout waiting for frames (video=0, audio=0)...
[2026-04-09 13:50:54] Connection count: 0
[2026-04-09 13:50:54] Connection count: 0
[2026-04-09 13:50:54] Connection lost: no frames for 15s (video=0, audio=0)
[2026-04-09 13:50:54] Creating receiver: color_format=fastest, bandwidth=highest
[2026-04-09 13:50:54] Connected to source: CAM2 (Chan 1, 10.1.10.92)
[2026-04-09 13:50:54] Entering receive loop
[2026-04-09 13:50:54] Connection count: 0
[2026-04-09 13:50:54] Timeout waiting for frames (video=0, audio=0)...
[2026-04-09 13:50:54] Connection count: 0
[2026-04-09 13:50:54] Connection count: 0
[2026-04-09 13:50:54] Connection lost: no frames for 15s (video=0, audio=0)
[2026-04-09 13:50:54] Creating receiver: color_format=fastest, bandwidth=highest
[2026-04-09 13:50:54] Connected to source: CAM2 (Chan 1, 10.1.10.92)
[2026-04-09 13:50:54] Entering receive loop
[2026-04-09 13:50:54] Connection count: 0
[2026-04-09 13:50:54] Timeout waiting for frames (video=0, audio=0)...
[2026-04-09 13:50:54] Connection count: 0
[2026-04-09 13:50:54] Connection count: 0
[2026-04-09 13:50:54] Connection lost: no frames for 15s (video=0, audio=0)
[2026-04-09 13:50:54] Creating receiver: color_format=fastest, bandwidth=highest
[2026-04-09 13:50:54] Connected to source: CAM2 (Chan 1, 10.1.10.92)
[2026-04-09 13:50:54] Entering receive loop
[2026-04-09 13:50:54] Connection count: 0
[2026-04-09 13:50:54] Timeout waiting for frames (video=0, audio=0)...
[2026-04-09 13:50:54] Connection count: 0
[2026-04-09 13:50:54] Connection count: 0
[2026-04-09 13:50:54] Connection lost: no frames for 15s (video=0, audio=0)
[2026-04-09 13:50:54] Creating receiver: color_format=fastest, bandwidth=highest
[2026-04-09 13:50:54] Connected to source: CAM2 (Chan 1, 10.1.10.92)
[2026-04-09 13:50:54] Entering receive loop
[2026-04-09 13:50:54] Connection count: 0
[2026-04-09 13:50:54] Timeout waiting for frames (video=0, audio=0)...
[2026-04-09 13:50:54] Connection count: 0
[2026-04-09 13:50:54] Connection count: 0
[2026-04-09 13:50:54] Connection lost: no frames for 15s (video=0, audio=0)
[2026-04-09 13:50:54] Creating receiver: color_format=fastest, bandwidth=highest
[2026-04-09 13:50:54] Connected to source: CAM2 (Chan 1, 10.1.10.92)
[2026-04-09 13:50:54] Entering receive loop
[2026-04-09 13:50:54] Connection count: 0
[2026-04-09 13:50:54] Timeout waiting for frames (video=0, audio=0)...
[2026-04-09 13:50:54] Connection count: 0
[2026-04-09 13:50:54] Connection count: 0
[2026-04-09 13:50:54] Connection lost: no frames for 15s (video=0, audio=0)
[2026-04-09 13:50:54] Creating receiver: color_format=fastest, bandwidth=highest
[2026-04-09 13:50:54] Connected to source: CAM2 (Chan 1, 10.1.10.92)
[2026-04-09 13:50:54] Entering receive loop
[2026-04-09 13:50:54] Connection count: 0
[2026-04-09 13:50:54] Timeout waiting for frames (video=0, audio=0)...
[2026-04-09 13:50:54] Connection count: 0
[2026-04-09 13:50:54] Connection count: 0
[2026-04-09 13:50:54] Connection lost: no frames for 15s (video=0, audio=0)
[2026-04-09 13:50:54] Creating receiver: color_format=fastest, bandwidth=highest
[2026-04-09 13:50:54] Connected to source: CAM2 (Chan 1, 10.1.10.92)
[2026-04-09 13:50:54] Entering receive loop
[2026-04-09 13:50:54] Connection count: 0
[2026-04-09 13:50:54] Timeout waiting for frames (video=0, audio=0)...
[2026-04-09 13:50:54] Connection count: 0
[2026-04-09 13:50:54] Connection count: 0
[2026-04-09 13:50:54] Connection lost: no frames for 15s (video=0, audio=0)
[2026-04-09 13:50:54] Creating receiver: color_format=fastest, bandwidth=highest
[2026-04-09 13:50:54] Connected to source: CAM2 (Chan 1, 10.1.10.92)
[2026-04-09 13:50:54] Entering receive loop
[2026-04-09 13:50:54] Connection count: 0
[2026-04-09 13:50:54] Timeout waiting for frames (video=0, audio=0)...
[2026-04-09 13:50:54] Connection count: 0
[2026-04-09 13:50:54] Connection count: 0
[2026-04-09 13:50:54] Connection lost: no frames for 15s (video=0, audio=0)
[2026-04-09 13:50:54] Creating receiver: color_format=fastest, bandwidth=highest
[2026-04-09 13:50:54] Connected to source: CAM2 (Chan 1, 10.1.10.92)
[2026-04-09 13:50:54] Entering receive loop
[2026-04-09 13:50:54] Connection count: 0
[2026-04-09 13:50:54] Timeout waiting for frames (video=0, audio=0)...
[2026-04-09 13:50:54] Connection count: 0
[2026-04-09 13:50:54] Connection count: 0
[2026-04-09 13:50:54] Connection lost: no frames for 15s (video=0, audio=0)
[2026-04-09 13:50:54] Creating receiver: color_format=fastest, bandwidth=highest
[2026-04-09 13:50:54] Connected to source: CAM2 (Chan 1, 10.1.10.92)
[2026-04-09 13:50:54] Entering receive loop
[2026-04-09 13:50:54] Connection count: 0
[2026-04-09 13:50:54] Timeout waiting for frames (video=0, audio=0)...
[2026-04-09 13:50:54] Connection count: 0
[2026-04-09 13:50:54] Connection count: 0
[2026-04-09 13:50:54] Connection lost: no frames for 15s (video=0, audio=0)
[2026-04-09 13:50:54] Creating receiver: color_format=fastest, bandwidth=highest
[2026-04-09 13:50:54] Connected to source: CAM2 (Chan 1, 10.1.10.92)
[2026-04-09 13:50:54] Entering receive loop
[2026-04-09 13:50:54] Connection count: 0
[2026-04-09 13:50:54] Timeout waiting for frames (video=0, audio=0)...
[2026-04-09 13:50:54] Connection count: 0
[2026-04-09 13:50:54] Connection count: 0
[2026-04-09 13:50:54] Connection lost: no frames for 15s (video=0, audio=0)
[2026-04-09 13:50:54] Creating receiver: color_format=fastest, bandwidth=highest
[2026-04-09 13:50:54] Connected to source: CAM2 (Chan 1, 10.1.10.92)
[2026-04-09 13:50:54] Entering receive loop
[2026-04-09 13:50:54] Connection count: 0
[2026-04-09 13:50:54] Timeout waiting for frames (video=0, audio=0)...
[2026-04-09 13:50:54] Connection count: 0
[2026-04-09 13:50:54] Connection count: 0
[2026-04-09 13:50:54] Connection lost: no frames for 15s (video=0, audio=0)
[2026-04-09 13:50:54] Creating receiver: color_format=fastest, bandwidth=highest
[2026-04-09 13:50:54] Connected to source: CAM2 (Chan 1, 10.1.10.92)
[2026-04-09 13:50:54] Entering receive loop
[2026-04-09 13:50:54] Connection count: 0
[2026-04-09 13:50:54] Timeout waiting for frames (video=0, audio=0)...
[2026-04-09 13:50:54] Connection count: 0
[2026-04-09 13:50:54] Connection count: 0
[2026-04-09 13:50:54] Connection lost: no frames for 15s (video=0, audio=0)
[2026-04-09 13:50:54] Creating receiver: color_format=fastest, bandwidth=highest
[2026-04-09 13:50:54] Connected to source: CAM2 (Chan 1, 10.1.10.92)
[2026-04-09 13:50:54] Entering receive loop
[2026-04-09 13:50:54] Connection count: 0
[2026-04-09 13:50:54] Timeout waiting for frames (video=0, audio=0)...
[2026-04-09 13:50:54] Connection count: 0
[2026-04-09 13:50:54] Connection count: 0
[2026-04-09 13:50:54] Connection lost: no frames for 15s (video=0, audio=0)
[2026-04-09 13:50:54] Creating receiver: color_format=fastest, bandwidth=highest
[2026-04-09 13:50:54] Connected to source: CAM2 (Chan 1, 10.1.10.92)
[2026-04-09 13:50:54] Entering receive loop
[2026-04-09 13:50:54] Connection count: 0
[2026-04-09 13:50:54] Timeout waiting for frames (video=0, audio=0)...
[2026-04-09 13:50:54] Connection count: 0
[2026-04-09 13:50:54] Connection count: 0
[2026-04-09 13:50:54] Connection lost: no frames for 15s (video=0, audio=0)
[2026-04-09 13:50:54] Creating receiver: color_format=fastest, bandwidth=highest
[2026-04-09 13:50:54] Connected to source: CAM2 (Chan 1, 10.1.10.92)
[2026-04-09 13:50:54] Entering receive loop
[2026-04-09 13:50:54] Connection count: 0
[2026-04-09 13:50:54] Timeout waiting for frames (video=0, audio=0)...
[2026-04-09 13:50:54] Connection count: 0
[2026-04-09 13:50:54] Connection count: 0
[2026-04-09 13:50:54] Connection lost: no frames for 15s (video=0, audio=0)
[2026-04-09 13:50:54] Creating receiver: color_format=fastest, bandwidth=highest
[2026-04-09 13:50:54] Connected to source: CAM2 (Chan 1, 10.1.10.92)
[2026-04-09 13:50:54] Entering receive loop
[2026-04-09 13:50:54] Connection count: 0
[2026-04-09 13:50:54] Timeout waiting for frames (video=0, audio=0)...
[2026-04-09 13:50:54] Connection count: 0
[2026-04-09 13:50:54] Connection count: 0
[2026-04-09 13:50:54] Connection lost: no frames for 15s (video=0, audio=0)
[2026-04-09 13:50:54] Creating receiver: color_format=fastest, bandwidth=highest
[2026-04-09 13:50:54] Connected to source: CAM2 (Chan 1, 10.1.10.92)
[2026-04-09 13:50:54] Entering receive loop
[2026-04-09 13:50:54] Connection count: 0
[2026-04-09 13:50:54] Timeout waiting for frames (video=0, audio=0)...
[2026-04-09 13:50:54] Connection count: 0
[2026-04-09 13:50:54] Connection count: 0
[2026-04-09 13:50:54] Connection lost: no frames for 15s (video=0, audio=0)
[2026-04-09 13:50:54] Creating receiver: color_format=fastest, bandwidth=highest
[2026-04-09 13:50:54] Connected to source: CAM2 (Chan 1, 10.1.10.92)
[2026-04-09 13:50:54] Entering receive loop
[2026-04-09 13:50:54] Connection count: 0
[2026-04-09 13:50:54] Timeout waiting for frames (video=0, audio=0)...
[2026-04-09 13:50:54] Connection count: 0
[2026-04-09 13:50:54] Connection count: 0
[2026-04-09 13:50:54] Connection lost: no frames for 15s (video=0, audio=0)
[2026-04-09 13:50:54] Creating receiver: color_format=fastest, bandwidth=highest
[2026-04-09 13:50:54] Connected to source: CAM2 (Chan 1, 10.1.10.92)
[2026-04-09 13:50:54] Entering receive loop
[2026-04-09 13:50:54] Connection count: 0
[2026-04-09 13:50:54] Timeout waiting for frames (video=0, audio=0)...
[2026-04-09 13:50:54] Connection count: 0
[2026-04-09 13:50:54] Connection count: 0
[2026-04-09 13:50:54] Connection lost: no frames for 15s (video=0, audio=0)
[2026-04-09 13:50:54] Creating receiver: color_format=fastest, bandwidth=highest
[2026-04-09 13:50:54] Connected to source: CAM2 (Chan 1, 10.1.10.92)
[2026-04-09 13:50:54] Entering receive loop
[2026-04-09 13:50:54] Connection count: 0
[2026-04-09 13:50:54] Timeout waiting for frames (video=0, audio=0)...
[2026-04-09 13:50:54] Connection count: 0
[2026-04-09 13:50:54] Connection count: 0
[2026-04-09 13:50:54] Connection lost: no frames for 15s (video=0, audio=0)
[2026-04-09 13:50:54] Creating receiver: color_format=fastest, bandwidth=highest
[2026-04-09 13:50:54] Connected to source: CAM2 (Chan 1, 10.1.10.92)
[2026-04-09 13:50:54] Entering receive loop
[2026-04-09 13:50:54] Connection count: 0
[2026-04-09 13:50:54] Timeout waiting for frames (video=0, audio=0)...
[2026-04-09 13:50:54] Connection count: 0
[2026-04-09 13:50:54] Connection count: 0
[2026-04-09 13:50:54] Connection lost: no frames for 15s (video=0, audio=0)
[2026-04-09 13:50:54] Creating receiver: color_format=fastest, bandwidth=highest
[2026-04-09 13:50:54] Connected to source: CAM2 (Chan 1, 10.1.10.92)
[2026-04-09 13:50:54] Entering receive loop
[2026-04-09 13:50:54] Connection count: 0
[2026-04-09 13:50:54] Timeout waiting for frames (video=0, audio=0)...
[2026-04-09 13:50:54] Connection count: 0
[2026-04-09 13:50:54] Connection count: 0
[2026-04-09 13:50:54] Connection lost: no frames for 15s (video=0, audio=0)
[2026-04-09 13:50:55] Creating receiver: color_format=fastest, bandwidth=highest
[2026-04-09 13:50:55] Connected to source: CAM2 (Chan 1, 10.1.10.92)
[2026-04-09 13:50:55] Entering receive loop
[2026-04-09 13:50:55] Connection count: 0
[2026-04-09 13:50:55] Timeout waiting for frames (video=0, audio=0)...
[2026-04-09 13:50:55] Connection count: 0
[2026-04-09 13:50:55] Connection count: 0
[2026-04-09 13:50:55] Connection lost: no frames for 15s (video=0, audio=0)
[2026-04-09 13:50:55] Creating receiver: color_format=fastest, bandwidth=highest
[2026-04-09 13:50:55] Connected to source: CAM2 (Chan 1, 10.1.10.92)
[2026-04-09 13:50:55] Entering receive loop
[2026-04-09 13:50:55] Connection count: 0
[2026-04-09 13:50:55] Timeout waiting for frames (video=0, audio=0)...
[2026-04-09 13:50:55] Connection count: 0
[2026-04-09 13:50:55] Connection count: 0
[2026-04-09 13:50:55] Connection lost: no frames for 15s (video=0, audio=0)
[2026-04-09 13:50:55] Creating receiver: color_format=fastest, bandwidth=highest
[2026-04-09 13:50:55] Connected to source: CAM2 (Chan 1, 10.1.10.92)
[2026-04-09 13:50:55] Entering receive loop
[2026-04-09 13:50:55] Connection count: 0
[2026-04-09 13:50:55] Timeout waiting for frames (video=0, audio=0)...
[2026-04-09 13:50:55] Connection count: 0
[2026-04-09 13:50:55] Connection count: 0
[2026-04-09 13:50:55] Connection lost: no frames for 15s (video=0, audio=0)
[2026-04-09 13:50:55] Creating receiver: color_format=fastest, bandwidth=highest
[2026-04-09 13:50:55] Connected to source: CAM2 (Chan 1, 10.1.10.92)
[2026-04-09 13:50:55] Entering receive loop
[2026-04-09 13:50:55] Connection count: 0
[2026-04-09 13:50:55] Timeout waiting for frames (video=0, audio=0)...
[2026-04-09 13:50:55] Connection count: 0
[2026-04-09 13:50:55] Connection count: 0
[2026-04-09 13:50:55] Connection lost: no frames for 15s (video=0, audio=0)
[2026-04-09 13:50:55] Creating receiver: color_format=fastest, bandwidth=highest
[2026-04-09 13:50:55] Connected to source: CAM2 (Chan 1, 10.1.10.92)
[2026-04-09 13:50:55] Entering receive loop
[2026-04-09 13:50:55] Connection count: 0
[2026-04-09 13:50:55] Timeout waiting for frames (video=0, audio=0)...
[2026-04-09 13:50:55] Connection count: 0
[2026-04-09 13:50:55] Connection count: 0
[2026-04-09 13:50:55] Connection lost: no frames for 15s (video=0, audio=0)
[2026-04-09 13:50:55] Creating receiver: color_format=fastest, bandwidth=highest
[2026-04-09 13:50:55] Connected to source: CAM2 (Chan 1, 10.1.10.92)
[2026-04-09 13:50:55] Entering receive loop
[2026-04-09 13:50:55] Connection count: 0
[2026-04-09 13:50:55] Timeout waiting for frames (video=0, audio=0)...
[2026-04-09 13:50:55] Connection count: 0
[2026-04-09 13:50:55] Connection count: 0
[2026-04-09 13:50:55] Connection lost: no frames for 15s (video=0, audio=0)
[2026-04-09 13:50:55] Creating receiver: color_format=fastest, bandwidth=highest
[2026-04-09 13:50:55] Connected to source: CAM2 (Chan 1, 10.1.10.92)
[2026-04-09 13:50:55] Entering receive loop
[2026-04-09 13:50:55] Connection count: 0
[2026-04-09 13:50:55] Timeout waiting for frames (video=0, audio=0)...
[2026-04-09 13:50:55] Connection count: 0
[2026-04-09 13:50:55] Connection count: 0
[2026-04-09 13:50:55] Connection lost: no frames for 15s (video=0, audio=0)
[2026-04-09 13:50:55] Creating receiver: color_format=fastest, bandwidth=highest
[2026-04-09 13:50:55] Connected to source: CAM2 (Chan 1, 10.1.10.92)
[2026-04-09 13:50:55] Entering receive loop
[2026-04-09 13:50:55] Connection count: 0
[2026-04-09 13:50:55] Timeout waiting for frames (video=0, audio=0)...
[2026-04-09 13:50:55] Connection count: 0
[2026-04-09 13:50:55] Connection count: 0
[2026-04-09 13:50:55] Connection lost: no frames for 15s (video=0, audio=0)
[2026-04-09 13:50:55] Creating receiver: color_format=fastest, bandwidth=highest
[2026-04-09 13:50:55] Connected to source: CAM2 (Chan 1, 10.1.10.92)
[2026-04-09 13:50:55] Entering receive loop
[2026-04-09 13:50:55] Connection count: 0
[2026-04-09 13:50:55] Timeout waiting for frames (video=0, audio=0)...
[2026-04-09 13:50:55] Connection count: 0
[2026-04-09 13:50:55] Connection count: 0
[2026-04-09 13:50:55] Connection lost: no frames for 15s (video=0, audio=0)
[2026-04-09 13:50:56] Creating receiver: color_format=fastest, bandwidth=highest
[2026-04-09 13:50:56] Connected to source: CAM2 (Chan 1, 10.1.10.92)
[2026-04-09 13:50:56] Entering receive loop
[2026-04-09 13:50:56] Connection count: 0
[2026-04-09 13:50:56] Timeout waiting for frames (video=0, audio=0)...
[2026-04-09 13:50:56] Connection count: 0
[2026-04-09 13:50:56] Connection count: 0
[2026-04-09 13:50:56] Connection lost: no frames for 15s (video=0, audio=0)
[2026-04-09 13:50:56] Creating receiver: color_format=fastest, bandwidth=highest
[2026-04-09 13:50:56] Connected to source: CAM2 (Chan 1, 10.1.10.92)
[2026-04-09 13:50:56] Entering receive loop
[2026-04-09 13:50:56] Connection count: 0
[2026-04-09 13:50:56] Timeout waiting for frames (video=0, audio=0)...
[2026-04-09 13:50:56] Connection count: 0
[2026-04-09 13:50:56] Connection count: 0
[2026-04-09 13:50:56] Connection lost: no frames for 15s (video=0, audio=0)
[2026-04-09 13:50:56] Creating receiver: color_format=fastest, bandwidth=highest
[2026-04-09 13:50:56] Connected to source: CAM2 (Chan 1, 10.1.10.92)
[2026-04-09 13:50:56] Entering receive loop
[2026-04-09 13:50:56] Connection count: 0
[2026-04-09 13:50:56] Timeout waiting for frames (video=0, audio=0)...
[2026-04-09 13:50:56] Connection count: 0
[2026-04-09 13:50:56] Connection count: 0
[2026-04-09 13:50:56] Connection lost: no frames for 15s (video=0, audio=0)
[2026-04-09 13:50:56] Creating receiver: color_format=fastest, bandwidth=highest
[2026-04-09 13:50:56] Connected to source: CAM2 (Chan 1, 10.1.10.92)
[2026-04-09 13:50:56] Entering receive loop
[2026-04-09 13:50:56] Connection count: 0
[2026-04-09 13:50:56] Timeout waiting for frames (video=0, audio=0)...
[2026-04-09 13:50:56] Connection count: 0
[2026-04-09 13:50:56] Connection count: 0
[2026-04-09 13:50:56] Connection lost: no frames for 15s (video=0, audio=0)
[2026-04-09 13:50:56] Creating receiver: color_format=fastest, bandwidth=highest
[2026-04-09 13:50:56] Connected to source: CAM2 (Chan 1, 10.1.10.92)
[2026-04-09 13:50:56] Entering receive loop
[2026-04-09 13:50:56] Connection count: 0
[2026-04-09 13:50:56] Timeout waiting for frames (video=0, audio=0)...
[2026-04-09 13:50:56] Connection count: 0
[2026-04-09 13:50:56] Connection count: 0
[2026-04-09 13:50:56] Connection lost: no frames for 15s (video=0, audio=0)
[2026-04-09 13:50:56] Creating receiver: color_format=fastest, bandwidth=highest
[2026-04-09 13:50:56] Connected to source: CAM2 (Chan 1, 10.1.10.92)
[2026-04-09 13:50:56] Entering receive loop
[2026-04-09 13:50:56] Connection count: 0
[2026-04-09 13:50:56] Timeout waiting for frames (video=0, audio=0)...
[2026-04-09 13:50:56] Connection count: 0
[2026-04-09 13:50:56] Connection count: 0
[2026-04-09 13:50:56] Connection lost: no frames for 15s (video=0, audio=0)
[2026-04-09 13:50:56] Creating receiver: color_format=fastest, bandwidth=highest
[2026-04-09 13:50:56] Connected to source: CAM2 (Chan 1, 10.1.10.92)
[2026-04-09 13:50:56] Entering receive loop
[2026-04-09 13:50:56] Connection count: 0
[2026-04-09 13:50:56] Timeout waiting for frames (video=0, audio=0)...
[2026-04-09 13:50:56] Connection count: 0
[2026-04-09 13:50:56] Connection count: 0
[2026-04-09 13:50:56] Connection lost: no frames for 15s (video=0, audio=0)
[2026-04-09 13:50:56] Creating receiver: color_format=fastest, bandwidth=highest
[2026-04-09 13:50:56] Connected to source: CAM2 (Chan 1, 10.1.10.92)
[2026-04-09 13:50:56] Entering receive loop
[2026-04-09 13:50:56] Connection count: 0
[2026-04-09 13:50:56] Timeout waiting for frames (video=0, audio=0)...
[2026-04-09 13:50:56] Connection count: 0
[2026-04-09 13:50:56] Connection count: 0
[2026-04-09 13:50:56] Connection lost: no frames for 15s (video=0, audio=0)
[2026-04-09 13:50:56] Creating receiver: color_format=fastest, bandwidth=highest
[2026-04-09 13:50:56] Connected to source: CAM2 (Chan 1, 10.1.10.92)
[2026-04-09 13:50:56] Entering receive loop
[2026-04-09 13:50:56] Connection count: 0
[2026-04-09 13:50:56] Timeout waiting for frames (video=0, audio=0)...
[2026-04-09 13:50:56] Connection count: 0
[2026-04-09 13:50:56] Connection count: 0
[2026-04-09 13:50:56] Connection lost: no frames for 15s (video=0, audio=0)
[2026-04-09 13:50:56] Creating receiver: color_format=fastest, bandwidth=highest
[2026-04-09 13:50:56] Connected to source: CAM2 (Chan 1, 10.1.10.92)
[2026-04-09 13:50:56] Entering receive loop
[2026-04-09 13:50:56] Connection count: 0
[2026-04-09 13:50:56] Timeout waiting for frames (video=0, audio=0)...
[2026-04-09 13:50:56] Connection count: 0
[2026-04-09 13:50:56] Connection count: 0
[2026-04-09 13:50:56] Connection lost: no frames for 15s (video=0, audio=0)
[2026-04-09 13:50:56] Creating receiver: color_format=fastest, bandwidth=highest
[2026-04-09 13:50:56] Connected to source: CAM2 (Chan 1, 10.1.10.92)
[2026-04-09 13:50:56] Entering receive loop
[2026-04-09 13:50:56] Connection count: 0
[2026-04-09 13:50:56] Timeout waiting for frames (video=0, audio=0)...
[2026-04-09 13:50:56] Connection count: 0
[2026-04-09 13:50:56] Connection count: 0
[2026-04-09 13:50:56] Connection lost: no frames for 15s (video=0, audio=0)
[2026-04-09 13:50:56] Creating receiver: color_format=fastest, bandwidth=highest
[2026-04-09 13:50:56] Connected to source: CAM2 (Chan 1, 10.1.10.92)
[2026-04-09 13:50:56] Entering receive loop
[2026-04-09 13:50:56] Connection count: 0
[2026-04-09 13:50:56] Timeout waiting for frames (video=0, audio=0)...
[2026-04-09 13:50:56] Connection count: 0
[2026-04-09 13:50:56] Connection count: 0
[2026-04-09 13:50:56] Connection lost: no frames for 15s (video=0, audio=0)
[2026-04-09 13:50:56] Creating receiver: color_format=fastest, bandwidth=highest
[2026-04-09 13:50:56] Connected to source: CAM2 (Chan 1, 10.1.10.92)
[2026-04-09 13:50:56] Entering receive loop
[2026-04-09 13:50:56] Connection count: 0
[2026-04-09 13:50:56] Timeout waiting for frames (video=0, audio=0)...
[2026-04-09 13:50:56] Connection count: 0
[2026-04-09 13:50:56] Connection count: 0
[2026-04-09 13:50:56] Connection lost: no frames for 15s (video=0, audio=0)
[2026-04-09 13:50:56] Creating receiver: color_format=fastest, bandwidth=highest
[2026-04-09 13:50:56] Connected to source: CAM2 (Chan 1, 10.1.10.92)
[2026-04-09 13:50:56] Entering receive loop
[2026-04-09 13:50:56] Connection count: 0
[2026-04-09 13:50:56] Timeout waiting for frames (video=0, audio=0)...
[2026-04-09 13:50:56] Connection count: 0
[2026-04-09 13:50:56] Connection count: 0
[2026-04-09 13:50:56] Connection lost: no frames for 15s (video=0, audio=0)
[2026-04-09 13:50:56] Creating receiver: color_format=fastest, bandwidth=highest
[2026-04-09 13:50:56] Connected to source: CAM2 (Chan 1, 10.1.10.92)
[2026-04-09 13:50:56] Entering receive loop
[2026-04-09 13:50:56] Connection count: 0
[2026-04-09 13:50:56] Timeout waiting for frames (video=0, audio=0)...
[2026-04-09 13:50:56] Connection count: 0
[2026-04-09 13:50:56] Connection count: 0
[2026-04-09 13:50:56] Connection lost: no frames for 15s (video=0, audio=0)
[2026-04-09 13:50:56] Creating receiver: color_format=fastest, bandwidth=highest
[2026-04-09 13:50:56] Connected to source: CAM2 (Chan 1, 10.1.10.92)
[2026-04-09 13:50:56] Entering receive loop
[2026-04-09 13:50:56] Connection count: 0
[2026-04-09 13:50:56] Timeout waiting for frames (video=0, audio=0)...
[2026-04-09 13:50:56] Connection count: 0
[2026-04-09 13:50:56] Connection count: 0
[2026-04-09 13:50:56] Connection lost: no frames for 15s (video=0, audio=0)
[2026-04-09 13:50:56] Creating receiver: color_format=fastest, bandwidth=highest
[2026-04-09 13:50:56] Connected to source: CAM2 (Chan 1, 10.1.10.92)
[2026-04-09 13:50:56] Entering receive loop
[2026-04-09 13:50:56] Connection count: 0
[2026-04-09 13:50:56] Timeout waiting for frames (video=0, audio=0)...
[2026-04-09 13:50:56] Connection count: 0
[2026-04-09 13:50:56] Connection count: 0
[2026-04-09 13:50:56] Connection lost: no frames for 15s (video=0, audio=0)
[2026-04-09 13:50:56] Creating receiver: color_format=fastest, bandwidth=highest
[2026-04-09 13:50:56] Connected to source: CAM2 (Chan 1, 10.1.10.92)
[2026-04-09 13:50:56] Entering receive loop
[2026-04-09 13:50:56] Connection count: 0
[2026-04-09 13:50:56] Timeout waiting for frames (video=0, audio=0)...
[2026-04-09 13:50:56] Connection count: 0
[2026-04-09 13:50:56] Connection count: 0
[2026-04-09 13:50:56] Connection lost: no frames for 15s (video=0, audio=0)
[2026-04-09 13:50:56] Creating receiver: color_format=fastest, bandwidth=highest
[2026-04-09 13:50:56] Connected to source: CAM2 (Chan 1, 10.1.10.92)
[2026-04-09 13:50:56] Entering receive loop
[2026-04-09 13:50:56] Connection count: 0
[2026-04-09 13:50:56] Timeout waiting for frames (video=0, audio=0)...
[2026-04-09 13:50:56] Connection count: 0
[2026-04-09 13:50:56] Connection count: 0
[2026-04-09 13:50:56] Connection lost: no frames for 15s (video=0, audio=0)
[2026-04-09 13:50:56] Creating receiver: color_format=fastest, bandwidth=highest
[2026-04-09 13:50:56] Connected to source: CAM2 (Chan 1, 10.1.10.92)
[2026-04-09 13:50:56] Entering receive loop
[2026-04-09 13:50:56] Connection count: 0
[2026-04-09 13:50:56] Timeout waiting for frames (video=0, audio=0)...
[2026-04-09 13:50:56] Connection count: 0
[2026-04-09 13:50:56] Connection count: 0
[2026-04-09 13:50:56] Connection lost: no frames for 15s (video=0, audio=0)
[2026-04-09 13:50:56] Creating receiver: color_format=fastest, bandwidth=highest
[2026-04-09 13:50:56] Connected to source: CAM2 (Chan 1, 10.1.10.92)
[2026-04-09 13:50:56] Entering receive loop
[2026-04-09 13:50:56] Connection count: 0
[2026-04-09 13:50:56] Timeout waiting for frames (video=0, audio=0)...
[2026-04-09 13:50:56] Connection count: 0
[2026-04-09 13:50:56] Connection count: 0
[2026-04-09 13:50:56] Connection lost: no frames for 15s (video=0, audio=0)
[2026-04-09 13:50:56] Creating receiver: color_format=fastest, bandwidth=highest
[2026-04-09 13:50:56] Connected to source: CAM2 (Chan 1, 10.1.10.92)
[2026-04-09 13:50:56] Entering receive loop
[2026-04-09 13:50:56] Connection count: 0
[2026-04-09 13:50:56] Timeout waiting for frames (video=0, audio=0)...
[2026-04-09 13:50:56] Connection count: 0
[2026-04-09 13:50:56] Connection count: 0
[2026-04-09 13:50:56] Connection lost: no frames for 15s (video=0, audio=0)
[2026-04-09 13:50:56] Creating receiver: color_format=fastest, bandwidth=highest
[2026-04-09 13:50:56] Connected to source: CAM2 (Chan 1, 10.1.10.92)
[2026-04-09 13:50:56] Entering receive loop
[2026-04-09 13:50:56] Connection count: 0
[2026-04-09 13:50:56] Timeout waiting for frames (video=0, audio=0)...
[2026-04-09 13:50:56] Connection count: 0
[2026-04-09 13:50:56] Connection count: 0
[2026-04-09 13:50:56] Connection lost: no frames for 15s (video=0, audio=0)
[2026-04-09 13:50:56] Creating receiver: color_format=fastest, bandwidth=highest
[2026-04-09 13:50:56] Connected to source: CAM2 (Chan 1, 10.1.10.92)
[2026-04-09 13:50:56] Entering receive loop
[2026-04-09 13:50:56] Connection count: 0
[2026-04-09 13:50:56] Timeout waiting for frames (video=0, audio=0)...
[2026-04-09 13:50:56] === Application shutting down ===
[2026-04-09 13:58:28] === Application started ===
[2026-04-09 13:58:37] Creating receiver: color_format=fastest, bandwidth=highest, allow_video_fields=true
[2026-04-09 13:58:37] Waiting for connection...
[2026-04-09 13:58:37] Connection established (waited 100ms)
[2026-04-09 13:58:37] Entering receive loop
[2026-04-09 13:58:37] Connection count: 1
[2026-04-09 13:58:37] Timeout waiting for frames (video=0, audio=0)...
[2026-04-09 13:58:37] Metadata: <ndi_tally_echo on_program="false" on_preview="true"/>
[2026-04-09 13:58:38] Connection count: 1
[2026-04-09 13:58:43] Timeout waiting for frames (video=0, audio=1)...
[2026-04-09 13:58:53] Connection lost: no frames for 15s (video=0, audio=1)
[2026-04-09 13:58:53] Creating receiver: color_format=fastest, bandwidth=highest, allow_video_fields=true
[2026-04-09 13:58:53] Waiting for connection...
[2026-04-09 13:58:53] Connection established (waited 300ms)
[2026-04-09 13:58:53] Entering receive loop
[2026-04-09 13:58:53] Connection count: 1
[2026-04-09 13:58:53] Timeout waiting for frames (video=0, audio=0)...
[2026-04-09 13:58:54] Metadata: <ndi_tally_echo on_program="false" on_preview="true"/>
[2026-04-09 13:58:59] Connection lost: no frames for 15s (video=0, audio=0)
[2026-04-09 13:58:59] Creating receiver: color_format=fastest, bandwidth=highest, allow_video_fields=true
[2026-04-09 13:58:59] Waiting for connection...
[2026-04-09 13:59:00] Connection established (waited 1100ms)
[2026-04-09 13:59:00] Entering receive loop
[2026-04-09 13:59:00] Connection count: 1
[2026-04-09 13:59:00] Timeout waiting for frames (video=0, audio=0)...
[2026-04-09 13:59:00] Metadata: <ndi_tally_echo on_program="false" on_preview="true"/>
[2026-04-09 13:59:05] Connection lost: no frames for 15s (video=0, audio=0)
[2026-04-09 13:59:05] Creating receiver: color_format=fastest, bandwidth=highest, allow_video_fields=true
[2026-04-09 13:59:05] Waiting for connection...
[2026-04-09 13:59:05] Connection established (waited 300ms)
[2026-04-09 13:59:05] Entering receive loop
[2026-04-09 13:59:05] Connection count: 1
[2026-04-09 13:59:05] Timeout waiting for frames (video=0, audio=0)...
[2026-04-09 13:59:05] Metadata: <ndi_tally_echo on_program="false" on_preview="true"/>
[2026-04-09 13:59:10] Connection lost: no frames for 15s (video=0, audio=0)
[2026-04-09 13:59:10] === Application shutting down ===
[2026-04-09 13:59:35] === Application started ===
[2026-04-09 13:59:39] Creating receiver: color_format=fastest, bandwidth=highest, allow_video_fields=true
[2026-04-09 13:59:39] Waiting for connection...
[2026-04-09 13:59:39] Connection established (waited 100ms)
[2026-04-09 13:59:39] Entering receive loop
[2026-04-09 13:59:39] Connection count: 1
[2026-04-09 13:59:39] Timeout waiting for frames (video=0, audio=0)...
[2026-04-09 13:59:39] Metadata: <ndi_capabilities ntk_registration="NDI-HX-PTZO-PTZ-V1" ntk_ptz="true" web_control="http://10.1.10.212"/>
[2026-04-09 13:59:39] Metadata: <ndi_tally_echo on_program="false" on_preview="true"/>
[2026-04-09 13:59:39] Metadata:  
[2026-04-09 13:59:39] Metadata: <ndi_tally_echo on_program="false" on_preview="false"/>
[2026-04-09 13:59:39] Video frame #1: 1920x1080, pitch=3840, FourCC=0x59565955
[2026-04-09 13:59:39] Connection count: 1
[2026-04-09 13:59:39] Video frame #2: 1920x1080, pitch=3840, FourCC=0x59565955
[2026-04-09 13:59:39] Connection count: 1
[2026-04-09 13:59:39] Video frame #3: 1920x1080, pitch=3840, FourCC=0x59565955
[2026-04-09 13:59:39] Connection count: 1
[2026-04-09 13:59:39] Video frame #4: 1920x1080, pitch=3840, FourCC=0x59565955
[2026-04-09 13:59:39] Connection count: 1
[2026-04-09 13:59:39] Video frame #5: 1920x1080, pitch=3840, FourCC=0x59565955
[2026-04-09 13:59:39] Connection count: 1
[2026-04-09 13:59:39] Video frame #6: 1920x1080, pitch=3840, FourCC=0x59565955
[2026-04-09 13:59:39] Connection count: 1
[2026-04-09 13:59:39] Video frame #7: 1920x1080, pitch=3840, FourCC=0x59565955
[2026-04-09 13:59:39] Connection count: 1
[2026-04-09 13:59:39] Video frame #8: 1920x1080, pitch=3840, FourCC=0x59565955
[2026-04-09 13:59:39] Connection count: 1
[2026-04-09 13:59:39] Video frame #9: 1920x1080, pitch=3840, FourCC=0x59565955
[2026-04-09 13:59:39] Connection count: 1
[2026-04-09 13:59:39] Video frame #10: 1920x1080, pitch=3840, FourCC=0x59565955
[2026-04-09 13:59:39] Connection count: 1
[2026-04-09 13:59:39] Video frame #11: 1920x1080, pitch=3840, FourCC=0x59565955
[2026-04-09 13:59:39] Connection count: 1
[2026-04-09 13:59:39] Video frame #12: 1920x1080, pitch=3840, FourCC=0x59565955
[2026-04-09 13:59:39] Connection count: 1
[2026-04-09 13:59:39] Video frame #13: 1920x1080, pitch=3840, FourCC=0x59565955
[2026-04-09 13:59:39] Connection count: 1
[2026-04-09 13:59:39] Video frame #14: 1920x1080, pitch=3840, FourCC=0x59565955
[2026-04-09 13:59:39] Connection count: 1
[2026-04-09 13:59:39] Video frame #15: 1920x1080, pitch=3840, FourCC=0x59565955
[2026-04-09 13:59:39] Connection count: 1
[2026-04-09 13:59:39] Video frame #16: 1920x1080, pitch=3840, FourCC=0x59565955
[2026-04-09 13:59:39] Connection count: 1
[2026-04-09 13:59:39] Video frame #17: 1920x1080, pitch=3840, FourCC=0x59565955
[2026-04-09 13:59:39] Connection count: 1
[2026-04-09 13:59:40] Video frame #18: 1920x1080, pitch=3840, FourCC=0x59565955
[2026-04-09 13:59:40] Connection count: 1
[2026-04-09 13:59:40] Video frame #19: 1920x1080, pitch=3840, FourCC=0x59565955
[2026-04-09 13:59:40] Connection count: 1
[2026-04-09 13:59:40] Video frame #20: 1920x1080, pitch=3840, FourCC=0x59565955
[2026-04-09 13:59:40] Connection count: 1
[2026-04-09 13:59:40] Video frame #21: 1920x1080, pitch=3840, FourCC=0x59565955
[2026-04-09 13:59:40] Connection count: 1
[2026-04-09 13:59:40] Video frame #22: 1920x1080, pitch=3840, FourCC=0x59565955
[2026-04-09 13:59:40] Connection count: 1
[2026-04-09 13:59:40] Video frame #23: 1920x1080, pitch=3840, FourCC=0x59565955
[2026-04-09 13:59:40] Connection count: 1
[2026-04-09 13:59:40] Video frame #24: 1920x1080, pitch=3840, FourCC=0x59565955
[2026-04-09 13:59:40] Connection count: 1
[2026-04-09 13:59:40] Video frame #25: 1920x1080, pitch=3840, FourCC=0x59565955
[2026-04-09 13:59:40] Connection count: 1
[2026-04-09 13:59:40] Video frame #26: 1920x1080, pitch=3840, FourCC=0x59565955
[2026-04-09 13:59:40] Connection count: 1
[2026-04-09 13:59:40] Video frame #27: 1920x1080, pitch=3840, FourCC=0x59565955
[2026-04-09 13:59:40] Connection count: 1
[2026-04-09 13:59:40] Video frame #28: 1920x1080, pitch=3840, FourCC=0x59565955
[2026-04-09 13:59:40] Connection count: 1
[2026-04-09 13:59:40] Video frame #29: 1920x1080, pitch=3840, FourCC=0x59565955
[2026-04-09 13:59:40] Connection count: 1
[2026-04-09 13:59:40] Video frame #30: 1920x1080, pitch=3840, FourCC=0x59565955
[2026-04-09 13:59:40] Connection count: 1
[2026-04-09 13:59:40] Video frame #31: 1920x1080, pitch=3840, FourCC=0x59565955
[2026-04-09 13:59:40] Connection count: 1
[2026-04-09 13:59:40] Video frame #32: 1920x1080, pitch=3840, FourCC=0x59565955
[2026-04-09 13:59:40] Connection count: 1
[2026-04-09 13:59:40] Video frame #33: 1920x1080, pitch=3840, FourCC=0x59565955
[2026-04-09 13:59:40] Connection count: 1
[2026-04-09 13:59:40] Video frame #34: 1920x1080, pitch=3840, FourCC=0x59565955
[2026-04-09 13:59:40] Connection count: 1
[2026-04-09 13:59:40] Video frame #35: 1920x1080, pitch=3840, FourCC=0x59565955
[2026-04-09 13:59:40] Connection count: 1
[2026-04-09 13:59:40] Video frame #36: 1920x1080, pitch=3840, FourCC=0x59565955
[2026-04-09 13:59:40] Connection count: 1
[2026-04-09 13:59:40] Video frame #37: 1920x1080, pitch=3840, FourCC=0x59565955
[2026-04-09 13:59:40] Connection count: 1
[2026-04-09 13:59:40] Video frame #38: 1920x1080, pitch=3840, FourCC=0x59565955
[2026-04-09 13:59:40] Connection count: 1
[2026-04-09 13:59:40] Video frame #39: 1920x1080, pitch=3840, FourCC=0x59565955
[2026-04-09 13:59:40] Connection count: 1
[2026-04-09 13:59:40] Video frame #40: 1920x1080, pitch=3840, FourCC=0x59565955
[2026-04-09 13:59:40] Connection count: 1
[2026-04-09 13:59:40] Video frame #41: 1920x1080, pitch=3840, FourCC=0x59565955
[2026-04-09 13:59:40] Connection count: 1
[2026-04-09 13:59:40] Video frame #42: 1920x1080, pitch=3840, FourCC=0x59565955
[2026-04-09 13:59:40] Connection count: 1
[2026-04-09 13:59:40] Video frame #43: 1920x1080, pitch=3840, FourCC=0x59565955
[2026-04-09 13:59:40] Connection count: 1
[2026-04-09 13:59:40] Video frame #44: 1920x1080, pitch=3840, FourCC=0x59565955
[2026-04-09 13:59:40] Connection count: 1
[2026-04-09 13:59:40] Video frame #45: 1920x1080, pitch=3840, FourCC=0x59565955
[2026-04-09 13:59:40] Connection count: 1
[2026-04-09 13:59:40] Video frame #46: 1920x1080, pitch=3840, FourCC=0x59565955
[2026-04-09 13:59:40] Connection count: 1
[2026-04-09 13:59:40] Video frame #47: 1920x1080, pitch=3840, FourCC=0x59565955
[2026-04-09 13:59:40] Connection count: 1
[2026-04-09 13:59:41] Video frame #48: 1920x1080, pitch=3840, FourCC=0x59565955
[2026-04-09 13:59:41] Connection count: 1
[2026-04-09 13:59:41] Video frame #49: 1920x1080, pitch=3840, FourCC=0x59565955
[2026-04-09 13:59:41] Connection count: 1
[2026-04-09 13:59:41] Video frame #50: 1920x1080, pitch=3840, FourCC=0x59565955
[2026-04-09 13:59:41] Connection count: 1
[2026-04-09 13:59:41] Video frame #51: 1920x1080, pitch=3840, FourCC=0x59565955
[2026-04-09 13:59:41] Connection count: 1
[2026-04-09 13:59:41] Video frame #52: 1920x1080, pitch=3840, FourCC=0x59565955
[2026-04-09 13:59:41] Connection count: 1
[2026-04-09 13:59:41] Video frame #53: 1920x1080, pitch=3840, FourCC=0x59565955
[2026-04-09 13:59:41] Connection count: 1
[2026-04-09 13:59:41] Video frame #54: 1920x1080, pitch=3840, FourCC=0x59565955
[2026-04-09 13:59:41] Connection count: 1
[2026-04-09 13:59:41] Video frame #55: 1920x1080, pitch=3840, FourCC=0x59565955
[2026-04-09 13:59:41] Connection count: 1
[2026-04-09 13:59:41] Video frame #56: 1920x1080, pitch=3840, FourCC=0x59565955
[2026-04-09 13:59:41] Connection count: 1
[2026-04-09 13:59:41] Video frame #57: 1920x1080, pitch=3840, FourCC=0x59565955
[2026-04-09 13:59:41] Connection count: 1
[2026-04-09 13:59:41] Video frame #58: 1920x1080, pitch=3840, FourCC=0x59565955
[2026-04-09 13:59:41] Connection count: 1
[2026-04-09 13:59:41] Video frame #59: 1920x1080, pitch=3840, FourCC=0x59565955
[2026-04-09 13:59:41] Connection count: 1
[2026-04-09 13:59:41] Video frame #60: 1920x1080, pitch=3840, FourCC=0x59565955
[2026-04-09 13:59:41] Connection count: 1
[2026-04-09 13:59:41] Video frame #61: 1920x1080, pitch=3840, FourCC=0x59565955
[2026-04-09 13:59:41] Connection count: 1
[2026-04-09 13:59:41] Video frame #62: 1920x1080, pitch=3840, FourCC=0x59565955
[2026-04-09 13:59:41] Connection count: 1
[2026-04-09 13:59:41] Video frame #63: 1920x1080, pitch=3840, FourCC=0x59565955
[2026-04-09 13:59:41] Connection count: 1
[2026-04-09 13:59:41] Video frame #64: 1920x1080, pitch=3840, FourCC=0x59565955
[2026-04-09 13:59:41] Connection count: 1
[2026-04-09 13:59:41] Video frame #65: 1920x1080, pitch=3840, FourCC=0x59565955
[2026-04-09 13:59:41] Connection count: 1
[2026-04-09 13:59:41] Video frame #66: 1920x1080, pitch=3840, FourCC=0x59565955
[2026-04-09 13:59:41] Connection count: 1
[2026-04-09 13:59:41] Video frame #67: 1920x1080, pitch=3840, FourCC=0x59565955
[2026-04-09 13:59:41] Connection count: 1
[2026-04-09 13:59:41] Video frame #68: 1920x1080, pitch=3840, FourCC=0x59565955
[2026-04-09 13:59:41] Connection count: 1
[2026-04-09 13:59:41] Video frame #69: 1920x1080, pitch=3840, FourCC=0x59565955
[2026-04-09 13:59:41] === Application shutting down ===
[2026-04-09 14:00:07] === Application started ===
[2026-04-09 14:00:18] Creating receiver: color_format=fastest, bandwidth=highest, allow_video_fields=true
[2026-04-09 14:00:18] Waiting for connection...
[2026-04-09 14:00:18] Connection established (waited 100ms)
[2026-04-09 14:00:18] Entering receive loop
[2026-04-09 14:00:18] Connection count: 1
[2026-04-09 14:00:18] Timeout waiting for frames (video=0, audio=0)...
[2026-04-09 14:00:18] Metadata: <ndi_capabilities ntk_registration="NDI-HX-PTZO-PTZ-V1" ntk_ptz="true" web_control="http://10.1.10.212"/>
[2026-04-09 14:00:18] Metadata: <ndi_tally_echo on_program="false" on_preview="true"/>
[2026-04-09 14:00:18] Metadata:  
[2026-04-09 14:00:18] Metadata: <ndi_tally_echo on_program="false" on_preview="false"/>
[2026-04-09 14:00:18] Video frame #1: 1920x1080, pitch=3840, FourCC=0x59565955
[2026-04-09 14:00:18] Connection count: 1
[2026-04-09 14:00:18] Video frame #2: 1920x1080, pitch=3840, FourCC=0x59565955
[2026-04-09 14:00:18] Connection count: 1
[2026-04-09 14:00:18] Video frame #3: 1920x1080, pitch=3840, FourCC=0x59565955
[2026-04-09 14:00:18] Connection count: 1
[2026-04-09 14:00:18] Video frame #4: 1920x1080, pitch=3840, FourCC=0x59565955
[2026-04-09 14:00:18] Connection count: 1
[2026-04-09 14:00:18] Video frame #5: 1920x1080, pitch=3840, FourCC=0x59565955
[2026-04-09 14:00:18] Connection count: 1
[2026-04-09 14:00:18] Video frame #6: 1920x1080, pitch=3840, FourCC=0x59565955
[2026-04-09 14:00:18] Connection count: 1
[2026-04-09 14:00:18] Video frame #7: 1920x1080, pitch=3840, FourCC=0x59565955
[2026-04-09 14:00:18] Connection count: 1
[2026-04-09 14:00:18] Video frame #8: 1920x1080, pitch=3840, FourCC=0x59565955
[2026-04-09 14:00:18] Connection count: 1
[2026-04-09 14:00:18] Video frame #9: 1920x1080, pitch=3840, FourCC=0x59565955
[2026-04-09 14:00:18] Connection count: 1
[2026-04-09 14:00:18] Video frame #10: 1920x1080, pitch=3840, FourCC=0x59565955
[2026-04-09 14:00:18] Connection count: 1
[2026-04-09 14:00:18] Video frame #11: 1920x1080, pitch=3840, FourCC=0x59565955
[2026-04-09 14:00:18] Connection count: 1
[2026-04-09 14:00:18] Video frame #12: 1920x1080, pitch=3840, FourCC=0x59565955
[2026-04-09 14:00:18] Connection count: 1
[2026-04-09 14:00:19] Video frame #13: 1920x1080, pitch=3840, FourCC=0x59565955
[2026-04-09 14:00:19] Connection count: 1
[2026-04-09 14:00:19] Video frame #14: 1920x1080, pitch=3840, FourCC=0x59565955
[2026-04-09 14:00:19] Connection count: 1
[2026-04-09 14:00:19] Video frame #15: 1920x1080, pitch=3840, FourCC=0x59565955
[2026-04-09 14:00:19] Connection count: 1
[2026-04-09 14:00:19] Video frame #16: 1920x1080, pitch=3840, FourCC=0x59565955
[2026-04-09 14:00:19] Connection count: 1
[2026-04-09 14:00:19] Video frame #17: 1920x1080, pitch=3840, FourCC=0x59565955
[2026-04-09 14:00:19] Connection count: 1
[2026-04-09 14:00:19] Video frame #18: 1920x1080, pitch=3840, FourCC=0x59565955
[2026-04-09 14:00:19] Connection count: 1
[2026-04-09 14:00:19] Video frame #19: 1920x1080, pitch=3840, FourCC=0x59565955
[2026-04-09 14:00:19] Connection count: 1
[2026-04-09 14:00:19] Video frame #20: 1920x1080, pitch=3840, FourCC=0x59565955
[2026-04-09 14:00:19] Connection count: 1
[2026-04-09 14:00:19] Video frame #21: 1920x1080, pitch=3840, FourCC=0x59565955
[2026-04-09 14:00:19] Connection count: 1
[2026-04-09 14:00:19] Video frame #22: 1920x1080, pitch=3840, FourCC=0x59565955
[2026-04-09 14:00:19] Connection count: 1
[2026-04-09 14:00:19] Video frame #23: 1920x1080, pitch=3840, FourCC=0x59565955
[2026-04-09 14:00:19] Connection count: 1
[2026-04-09 14:00:19] Video frame #24: 1920x1080, pitch=3840, FourCC=0x59565955
[2026-04-09 14:00:19] Connection count: 1
[2026-04-09 14:00:19] Video frame #25: 1920x1080, pitch=3840, FourCC=0x59565955
[2026-04-09 14:00:19] Connection count: 1
[2026-04-09 14:00:19] Video frame #26: 1920x1080, pitch=3840, FourCC=0x59565955
[2026-04-09 14:00:19] Connection count: 1
[2026-04-09 14:00:19] Video frame #27: 1920x1080, pitch=3840, FourCC=0x59565955
[2026-04-09 14:00:19] Connection count: 1
[2026-04-09 14:00:19] Video frame #28: 1920x1080, pitch=3840, FourCC=0x59565955
[2026-04-09 14:00:19] Connection count: 1
[2026-04-09 14:00:19] Video frame #29: 1920x1080, pitch=3840, FourCC=0x59565955
[2026-04-09 14:00:19] Connection count: 1
[2026-04-09 14:00:19] Video frame #30: 1920x1080, pitch=3840, FourCC=0x59565955
[2026-04-09 14:00:19] Connection count: 1
[2026-04-09 14:00:19] Video frame #31: 1920x1080, pitch=3840, FourCC=0x59565955
[2026-04-09 14:00:19] Connection count: 1
[2026-04-09 14:00:19] Video frame #32: 1920x1080, pitch=3840, FourCC=0x59565955
[2026-04-09 14:00:19] Connection count: 1
[2026-04-09 14:00:19] Video frame #33: 1920x1080, pitch=3840, FourCC=0x59565955
[2026-04-09 14:00:19] Connection count: 1
[2026-04-09 14:00:19] Video frame #34: 1920x1080, pitch=3840, FourCC=0x59565955
[2026-04-09 14:00:19] Connection count: 1
[2026-04-09 14:00:19] Video frame #35: 1920x1080, pitch=3840, FourCC=0x59565955
[2026-04-09 14:00:19] Connection count: 1
[2026-04-09 14:00:19] Video frame #36: 1920x1080, pitch=3840, FourCC=0x59565955
[2026-04-09 14:00:19] Connection count: 1
[2026-04-09 14:00:19] Video frame #37: 1920x1080, pitch=3840, FourCC=0x59565955
[2026-04-09 14:00:19] Connection count: 1
[2026-04-09 14:00:19] Video frame #38: 1920x1080, pitch=3840, FourCC=0x59565955
[2026-04-09 14:00:19] Connection count: 1
[2026-04-09 14:00:19] Video frame #39: 1920x1080, pitch=3840, FourCC=0x59565955
[2026-04-09 14:00:19] Connection count: 1
[2026-04-09 14:00:19] Video frame #40: 1920x1080, pitch=3840, FourCC=0x59565955
[2026-04-09 14:00:19] Connection count: 1
[2026-04-09 14:00:19] Video frame #41: 1920x1080, pitch=3840, FourCC=0x59565955
[2026-04-09 14:00:19] Connection count: 1
[2026-04-09 14:00:19] Video frame #42: 1920x1080, pitch=3840, FourCC=0x59565955
[2026-04-09 14:00:19] Connection count: 1
[2026-04-09 14:00:20] Video frame #43: 1920x1080, pitch=3840, FourCC=0x59565955
[2026-04-09 14:00:20] Connection count: 1
[2026-04-09 14:00:20] Video frame #44: 1920x1080, pitch=3840, FourCC=0x59565955
[2026-04-09 14:00:20] Connection count: 1
[2026-04-09 14:00:20] Video frame #45: 1920x1080, pitch=3840, FourCC=0x59565955
[2026-04-09 14:00:20] Connection count: 1
[2026-04-09 14:00:20] Video frame #46: 1920x1080, pitch=3840, FourCC=0x59565955
[2026-04-09 14:00:20] Connection count: 1
[2026-04-09 14:00:20] Video frame #47: 1920x1080, pitch=3840, FourCC=0x59565955
[2026-04-09 14:00:20] Connection count: 1
[2026-04-09 14:00:20] Video frame #48: 1920x1080, pitch=3840, FourCC=0x59565955
[2026-04-09 14:00:20] Connection count: 1
[2026-04-09 14:00:20] Video frame #49: 1920x1080, pitch=3840, FourCC=0x59565955
[2026-04-09 14:00:20] Connection count: 1
[2026-04-09 14:00:20] Video frame #50: 1920x1080, pitch=3840, FourCC=0x59565955
[2026-04-09 14:00:20] Connection count: 1
[2026-04-09 14:00:20] Video frame #51: 1920x1080, pitch=3840, FourCC=0x59565955
[2026-04-09 14:00:20] Connection count: 1
[2026-04-09 14:00:20] Video frame #52: 1920x1080, pitch=3840, FourCC=0x59565955
[2026-04-09 14:00:20] Connection count: 1
[2026-04-09 14:00:20] Video frame #53: 1920x1080, pitch=3840, FourCC=0x59565955
[2026-04-09 14:00:20] Connection count: 1
[2026-04-09 14:00:20] Video frame #54: 1920x1080, pitch=3840, FourCC=0x59565955
[2026-04-09 14:00:20] Connection count: 1
[2026-04-09 14:00:20] Video frame #55: 1920x1080, pitch=3840, FourCC=0x59565955
[2026-04-09 14:00:20] Connection count: 1
[2026-04-09 14:00:20] Video frame #56: 1920x1080, pitch=3840, FourCC=0x59565955
[2026-04-09 14:00:20] Connection count: 1
[2026-04-09 14:00:20] Video frame #57: 1920x1080, pitch=3840, FourCC=0x59565955
[2026-04-09 14:00:20] Connection count: 1
[2026-04-09 14:00:20] Video frame #58: 1920x1080, pitch=3840, FourCC=0x59565955
[2026-04-09 14:00:20] Connection count: 1
[2026-04-09 14:00:20] Video frame #59: 1920x1080, pitch=3840, FourCC=0x59565955
[2026-04-09 14:00:20] Connection count: 1
[2026-04-09 14:00:20] Video frame #60: 1920x1080, pitch=3840, FourCC=0x59565955
[2026-04-09 14:00:20] Connection count: 1
[2026-04-09 14:00:20] Video frame #61: 1920x1080, pitch=3840, FourCC=0x59565955
[2026-04-09 14:00:20] Connection count: 1
[2026-04-09 14:00:20] Video frame #62: 1920x1080, pitch=3840, FourCC=0x59565955
[2026-04-09 14:00:20] Connection count: 1
[2026-04-09 14:00:20] Video frame #63: 1920x1080, pitch=3840, FourCC=0x59565955
[2026-04-09 14:00:20] Connection count: 1
[2026-04-09 14:00:20] Video frame #64: 1920x1080, pitch=3840, FourCC=0x59565955
[2026-04-09 14:00:20] Connection count: 1
[2026-04-09 14:00:20] Video frame #65: 1920x1080, pitch=3840, FourCC=0x59565955
[2026-04-09 14:00:20] Connection count: 1
[2026-04-09 14:00:20] Video frame #66: 1920x1080, pitch=3840, FourCC=0x59565955
[2026-04-09 14:00:20] Connection count: 1
[2026-04-09 14:00:20] Video frame #67: 1920x1080, pitch=3840, FourCC=0x59565955
[2026-04-09 14:00:20] Connection count: 1
[2026-04-09 14:00:20] Video frame #68: 1920x1080, pitch=3840, FourCC=0x59565955
[2026-04-09 14:00:20] Connection count: 1
[2026-04-09 14:00:20] Video frame #69: 1920x1080, pitch=3840, FourCC=0x59565955
[2026-04-09 14:00:20] Connection count: 1
[2026-04-09 14:00:20] Video frame #70: 1920x1080, pitch=3840, FourCC=0x59565955
[2026-04-09 14:00:20] Connection count: 1
[2026-04-09 14:00:20] Video frame #71: 1920x1080, pitch=3840, FourCC=0x59565955
[2026-04-09 14:00:20] Connection count: 1
[2026-04-09 14:00:20] Video frame #72: 1920x1080, pitch=3840, FourCC=0x59565955
[2026-04-09 14:00:20] Connection count: 1
[2026-04-09 14:00:21] Video frame #73: 1920x1080, pitch=3840, FourCC=0x59565955
[2026-04-09 14:00:21] Connection count: 1
[2026-04-09 14:00:21] Video frame #74: 1920x1080, pitch=3840, FourCC=0x59565955
[2026-04-09 14:00:21] Connection count: 1
[2026-04-09 14:00:21] Video frame #75: 1920x1080, pitch=3840, FourCC=0x59565955
[2026-04-09 14:00:21] Connection count: 1
[2026-04-09 14:00:21] Video frame #76: 1920x1080, pitch=3840, FourCC=0x59565955
[2026-04-09 14:00:21] Connection count: 1
[2026-04-09 14:00:21] Video frame #77: 1920x1080, pitch=3840, FourCC=0x59565955
[2026-04-09 14:00:21] Connection count: 1
[2026-04-09 14:00:21] Video frame #78: 1920x1080, pitch=3840, FourCC=0x59565955
[2026-04-09 14:00:21] Connection count: 1
[2026-04-09 14:00:21] Video frame #79: 1920x1080, pitch=3840, FourCC=0x59565955
[2026-04-09 14:00:21] Connection count: 1
[2026-04-09 14:00:21] Video frame #80: 1920x1080, pitch=3840, FourCC=0x59565955
[2026-04-09 14:00:21] Connection count: 1
[2026-04-09 14:00:21] Video frame #81: 1920x1080, pitch=3840, FourCC=0x59565955
[2026-04-09 14:00:21] Connection count: 1
[2026-04-09 14:00:21] Video frame #82: 1920x1080, pitch=3840, FourCC=0x59565955
[2026-04-09 14:00:21] Connection count: 1
[2026-04-09 14:00:21] Video frame #83: 1920x1080, pitch=3840, FourCC=0x59565955
[2026-04-09 14:00:21] Connection count: 1
[2026-04-09 14:00:21] Video frame #84: 1920x1080, pitch=3840, FourCC=0x59565955
[2026-04-09 14:00:21] Connection count: 1
[2026-04-09 14:00:21] Video frame #85: 1920x1080, pitch=3840, FourCC=0x59565955
[2026-04-09 14:00:21] Connection count: 1
[2026-04-09 14:00:21] Video frame #86: 1920x1080, pitch=3840, FourCC=0x59565955
[2026-04-09 14:00:21] Connection count: 1
[2026-04-09 14:00:21] Video frame #87: 1920x1080, pitch=3840, FourCC=0x59565955
[2026-04-09 14:00:21] Connection count: 1
[2026-04-09 14:00:21] Video frame #88: 1920x1080, pitch=3840, FourCC=0x59565955
[2026-04-09 14:00:21] Connection count: 1
[2026-04-09 14:00:21] Video frame #89: 1920x1080, pitch=3840, FourCC=0x59565955
[2026-04-09 14:00:21] Connection count: 1
[2026-04-09 14:00:21] Video frame #90: 1920x1080, pitch=3840, FourCC=0x59565955
[2026-04-09 14:00:21] Connection count: 1
[2026-04-09 14:00:21] Video frame #91: 1920x1080, pitch=3840, FourCC=0x59565955
[2026-04-09 14:00:21] Connection count: 1
[2026-04-09 14:00:21] Video frame #92: 1920x1080, pitch=3840, FourCC=0x59565955
[2026-04-09 14:00:21] Connection count: 1
[2026-04-09 14:00:21] Video frame #93: 1920x1080, pitch=3840, FourCC=0x59565955
[2026-04-09 14:00:21] Connection count: 1
[2026-04-09 14:00:21] Video frame #94: 1920x1080, pitch=3840, FourCC=0x59565955
[2026-04-09 14:00:21] Connection count: 1
[2026-04-09 14:00:21] Video frame #95: 1920x1080, pitch=3840, FourCC=0x59565955
[2026-04-09 14:00:21] Connection count: 1
[2026-04-09 14:00:21] Video frame #96: 1920x1080, pitch=3840, FourCC=0x59565955
[2026-04-09 14:00:21] Connection count: 1
[2026-04-09 14:00:21] Video frame #97: 1920x1080, pitch=3840, FourCC=0x59565955
[2026-04-09 14:00:21] Connection count: 1
[2026-04-09 14:00:21] Video frame #98: 1920x1080, pitch=3840, FourCC=0x59565955
[2026-04-09 14:00:21] Connection count: 1
[2026-04-09 14:00:21] Video frame #99: 1920x1080, pitch=3840, FourCC=0x59565955
[2026-04-09 14:00:21] Connection count: 1
[2026-04-09 14:00:21] Video frame #100: 1920x1080, pitch=3840, FourCC=0x59565955
[2026-04-09 14:00:21] Connection count: 1
[2026-04-09 14:00:21] Video frame #101: 1920x1080, pitch=3840, FourCC=0x59565955
[2026-04-09 14:00:21] Connection count: 1
[2026-04-09 14:00:21] Video frame #102: 1920x1080, pitch=3840, FourCC=0x59565955
[2026-04-09 14:00:21] Connection count: 1
[2026-04-09 14:00:22] Video frame #103: 1920x1080, pitch=3840, FourCC=0x59565955
[2026-04-09 14:00:22] Connection count: 1
[2026-04-09 14:00:22] Video frame #104: 1920x1080, pitch=3840, FourCC=0x59565955
[2026-04-09 14:00:22] Connection count: 1
[2026-04-09 14:00:22] Video frame #105: 1920x1080, pitch=3840, FourCC=0x59565955
[2026-04-09 14:00:22] Connection count: 1
[2026-04-09 14:00:22] Video frame #106: 1920x1080, pitch=3840, FourCC=0x59565955
[2026-04-09 14:00:22] Connection count: 1
[2026-04-09 14:00:22] Video frame #107: 1920x1080, pitch=3840, FourCC=0x59565955
[2026-04-09 14:00:22] Connection count: 1
[2026-04-09 14:00:22] Video frame #108: 1920x1080, pitch=3840, FourCC=0x59565955
[2026-04-09 14:00:22] Connection count: 1
[2026-04-09 14:00:22] Video frame #109: 1920x1080, pitch=3840, FourCC=0x59565955
[2026-04-09 14:00:22] Connection count: 1
[2026-04-09 14:00:22] Video frame #110: 1920x1080, pitch=3840, FourCC=0x59565955
[2026-04-09 14:00:22] Connection count: 1
[2026-04-09 14:00:22] Video frame #111: 1920x1080, pitch=3840, FourCC=0x59565955
[2026-04-09 14:00:22] Connection count: 1
[2026-04-09 14:00:22] Video frame #112: 1920x1080, pitch=3840, FourCC=0x59565955
[2026-04-09 14:00:22] Connection count: 1
[2026-04-09 14:00:22] Video frame #113: 1920x1080, pitch=3840, FourCC=0x59565955
[2026-04-09 14:00:22] Connection count: 1
[2026-04-09 14:00:22] Video frame #114: 1920x1080, pitch=3840, FourCC=0x59565955
[2026-04-09 14:00:22] Connection count: 1
[2026-04-09 14:00:22] Video frame #115: 1920x1080, pitch=3840, FourCC=0x59565955
[2026-04-09 14:00:22] Connection count: 1
[2026-04-09 14:00:22] Video frame #116: 1920x1080, pitch=3840, FourCC=0x59565955
[2026-04-09 14:00:22] Connection count: 1
[2026-04-09 14:00:22] Video frame #117: 1920x1080, pitch=3840, FourCC=0x59565955
[2026-04-09 14:00:22] Connection count: 1
[2026-04-09 14:00:22] Video frame #118: 1920x1080, pitch=3840, FourCC=0x59565955
[2026-04-09 14:00:22] Connection count: 1
[2026-04-09 14:00:22] Video frame #119: 1920x1080, pitch=3840, FourCC=0x59565955
[2026-04-09 14:00:22] Connection count: 1
[2026-04-09 14:00:22] Video frame #120: 1920x1080, pitch=3840, FourCC=0x59565955
[2026-04-09 14:00:22] Connection count: 1
[2026-04-09 14:00:22] Video frame #121: 1920x1080, pitch=3840, FourCC=0x59565955
[2026-04-09 14:00:22] Connection count: 1
[2026-04-09 14:00:22] Video frame #122: 1920x1080, pitch=3840, FourCC=0x59565955
[2026-04-09 14:00:22] Connection count: 1
[2026-04-09 14:00:22] Video frame #123: 1920x1080, pitch=3840, FourCC=0x59565955
[2026-04-09 14:00:22] Connection count: 1
[2026-04-09 14:00:22] Video frame #124: 1920x1080, pitch=3840, FourCC=0x59565955
[2026-04-09 14:00:22] Connection count: 1
[2026-04-09 14:00:22] Video frame #125: 1920x1080, pitch=3840, FourCC=0x59565955
[2026-04-09 14:00:22] Connection count: 1
[2026-04-09 14:00:22] Video frame #126: 1920x1080, pitch=3840, FourCC=0x59565955
[2026-04-09 14:00:22] Connection count: 1
[2026-04-09 14:00:22] Video frame #127: 1920x1080, pitch=3840, FourCC=0x59565955
[2026-04-09 14:00:22] Connection count: 1
[2026-04-09 14:00:22] Video frame #128: 1920x1080, pitch=3840, FourCC=0x59565955
[2026-04-09 14:00:22] Connection count: 1
[2026-04-09 14:00:22] Video frame #129: 1920x1080, pitch=3840, FourCC=0x59565955
[2026-04-09 14:00:22] Connection count: 1
[2026-04-09 14:00:22] Video frame #130: 1920x1080, pitch=3840, FourCC=0x59565955
[2026-04-09 14:00:22] Connection count: 1
[2026-04-09 14:00:22] Video frame #131: 1920x1080, pitch=3840, FourCC=0x59565955
[2026-04-09 14:00:22] Connection count: 1
[2026-04-09 14:00:22] Video frame #132: 1920x1080, pitch=3840, FourCC=0x59565955
[2026-04-09 14:00:22] Connection count: 1
[2026-04-09 14:00:23] Video frame #133: 1920x1080, pitch=3840, FourCC=0x59565955
[2026-04-09 14:00:23] Connection count: 1
[2026-04-09 14:00:23] Video frame #134: 1920x1080, pitch=3840, FourCC=0x59565955
[2026-04-09 14:00:23] Connection count: 1
[2026-04-09 14:00:23] Video frame #135: 1920x1080, pitch=3840, FourCC=0x59565955
[2026-04-09 14:00:23] Connection count: 1
[2026-04-09 14:00:23] Video frame #136: 1920x1080, pitch=3840, FourCC=0x59565955
[2026-04-09 14:00:23] Connection count: 1
[2026-04-09 14:00:23] Video frame #137: 1920x1080, pitch=3840, FourCC=0x59565955
[2026-04-09 14:00:23] Connection count: 1
[2026-04-09 14:00:23] Video frame #138: 1920x1080, pitch=3840, FourCC=0x59565955
[2026-04-09 14:00:23] Connection count: 1
[2026-04-09 14:00:23] Video frame #139: 1920x1080, pitch=3840, FourCC=0x59565955
[2026-04-09 14:00:23] Connection count: 1
[2026-04-09 14:00:23] Video frame #140: 1920x1080, pitch=3840, FourCC=0x59565955
[2026-04-09 14:00:23] Connection count: 1
[2026-04-09 14:00:23] Video frame #141: 1920x1080, pitch=3840, FourCC=0x59565955
[2026-04-09 14:00:23] Connection count: 1
[2026-04-09 14:00:23] Video frame #142: 1920x1080, pitch=3840, FourCC=0x59565955
[2026-04-09 14:00:23] Connection count: 1
[2026-04-09 14:00:23] Video frame #143: 1920x1080, pitch=3840, FourCC=0x59565955
[2026-04-09 14:00:23] Connection count: 1
[2026-04-09 14:00:23] Video frame #144: 1920x1080, pitch=3840, FourCC=0x59565955
[2026-04-09 14:00:23] Connection count: 1
[2026-04-09 14:00:23] Video frame #145: 1920x1080, pitch=3840, FourCC=0x59565955
[2026-04-09 14:00:23] Connection count: 1
[2026-04-09 14:00:23] Video frame #146: 1920x1080, pitch=3840, FourCC=0x59565955
[2026-04-09 14:00:23] Connection count: 1
[2026-04-09 14:00:23] Video frame #147: 1920x1080, pitch=3840, FourCC=0x59565955
[2026-04-09 14:00:23] Connection count: 1
[2026-04-09 14:00:23] Video frame #148: 1920x1080, pitch=3840, FourCC=0x59565955
[2026-04-09 14:00:23] Connection count: 1
[2026-04-09 14:00:23] Video frame #149: 1920x1080, pitch=3840, FourCC=0x59565955
[2026-04-09 14:00:23] Connection count: 1
[2026-04-09 14:00:23] Video frame #150: 1920x1080, pitch=3840, FourCC=0x59565955
[2026-04-09 14:00:23] Connection count: 1
[2026-04-09 14:00:23] Video frame #151: 1920x1080, pitch=3840, FourCC=0x59565955
[2026-04-09 14:00:23] Connection count: 1
[2026-04-09 14:00:23] Video frame #152: 1920x1080, pitch=3840, FourCC=0x59565955
[2026-04-09 14:00:23] Connection count: 1
[2026-04-09 14:00:23] Video frame #153: 1920x1080, pitch=3840, FourCC=0x59565955
[2026-04-09 14:00:23] Connection count: 1
[2026-04-09 14:00:23] Video frame #154: 1920x1080, pitch=3840, FourCC=0x59565955
[2026-04-09 14:00:23] Connection count: 1
[2026-04-09 14:00:23] Video frame #155: 1920x1080, pitch=3840, FourCC=0x59565955
[2026-04-09 14:00:23] Connection count: 1
[2026-04-09 14:00:23] Video frame #156: 1920x1080, pitch=3840, FourCC=0x59565955
[2026-04-09 14:00:23] Connection count: 1
[2026-04-09 14:00:23] Video frame #157: 1920x1080, pitch=3840, FourCC=0x59565955
[2026-04-09 14:00:23] Connection count: 1
[2026-04-09 14:00:23] Video frame #158: 1920x1080, pitch=3840, FourCC=0x59565955
[2026-04-09 14:00:23] Connection count: 1
[2026-04-09 14:00:23] Video frame #159: 1920x1080, pitch=3840, FourCC=0x59565955
[2026-04-09 14:00:23] Connection count: 1
[2026-04-09 14:00:23] Video frame #160: 1920x1080, pitch=3840, FourCC=0x59565955
[2026-04-09 14:00:23] Connection count: 1
[2026-04-09 14:00:23] Video frame #161: 1920x1080, pitch=3840, FourCC=0x59565955
[2026-04-09 14:00:23] Connection count: 1
[2026-04-09 14:00:23] Video frame #162: 1920x1080, pitch=3840, FourCC=0x59565955
[2026-04-09 14:00:23] Connection count: 1
[2026-04-09 14:00:24] Video frame #163: 1920x1080, pitch=3840, FourCC=0x59565955
[2026-04-09 14:00:24] Connection count: 1
[2026-04-09 14:00:24] Video frame #164: 1920x1080, pitch=3840, FourCC=0x59565955
[2026-04-09 14:00:24] Connection count: 1
[2026-04-09 14:00:24] Video frame #165: 1920x1080, pitch=3840, FourCC=0x59565955
[2026-04-09 14:00:24] Connection count: 1
[2026-04-09 14:00:24] Video frame #166: 1920x1080, pitch=3840, FourCC=0x59565955
[2026-04-09 14:00:24] Connection count: 1
[2026-04-09 14:00:24] Video frame #167: 1920x1080, pitch=3840, FourCC=0x59565955
[2026-04-09 14:00:24] Connection count: 1
[2026-04-09 14:00:24] Video frame #168: 1920x1080, pitch=3840, FourCC=0x59565955
[2026-04-09 14:00:24] Connection count: 1
[2026-04-09 14:00:24] Video frame #169: 1920x1080, pitch=3840, FourCC=0x59565955
[2026-04-09 14:00:24] Connection count: 1
[2026-04-09 14:00:24] Video frame #170: 1920x1080, pitch=3840, FourCC=0x59565955
[2026-04-09 14:00:24] Connection count: 1
[2026-04-09 14:00:24] Video frame #171: 1920x1080, pitch=3840, FourCC=0x59565955
[2026-04-09 14:00:24] Connection count: 1
[2026-04-09 14:00:24] Video frame #172: 1920x1080, pitch=3840, FourCC=0x59565955
[2026-04-09 14:00:24] Connection count: 1
[2026-04-09 14:00:24] Video frame #173: 1920x1080, pitch=3840, FourCC=0x59565955
[2026-04-09 14:00:24] Connection count: 1
[2026-04-09 14:00:24] Video frame #174: 1920x1080, pitch=3840, FourCC=0x59565955
[2026-04-09 14:00:24] Connection count: 1
[2026-04-09 14:00:24] Video frame #175: 1920x1080, pitch=3840, FourCC=0x59565955
[2026-04-09 14:00:24] Connection count: 1
[2026-04-09 14:00:24] Video frame #176: 1920x1080, pitch=3840, FourCC=0x59565955
[2026-04-09 14:00:24] Connection count: 1
[2026-04-09 14:00:24] Video frame #177: 1920x1080, pitch=3840, FourCC=0x59565955
[2026-04-09 14:00:24] Connection count: 1
[2026-04-09 14:00:24] Video frame #178: 1920x1080, pitch=3840, FourCC=0x59565955
[2026-04-09 14:00:24] Connection count: 1
[2026-04-09 14:00:24] Video frame #179: 1920x1080, pitch=3840, FourCC=0x59565955
[2026-04-09 14:00:24] Connection count: 1
[2026-04-09 14:00:24] Video frame #180: 1920x1080, pitch=3840, FourCC=0x59565955
[2026-04-09 14:00:24] Connection count: 1
[2026-04-09 14:00:24] Video frame #181: 1920x1080, pitch=3840, FourCC=0x59565955
[2026-04-09 14:00:24] Connection count: 1
[2026-04-09 14:00:24] Video frame #182: 1920x1080, pitch=3840, FourCC=0x59565955
[2026-04-09 14:00:24] Connection count: 1
[2026-04-09 14:00:24] Video frame #183: 1920x1080, pitch=3840, FourCC=0x59565955
[2026-04-09 14:00:24] Connection count: 1
[2026-04-09 14:00:24] Video frame #184: 1920x1080, pitch=3840, FourCC=0x59565955
[2026-04-09 14:00:24] Connection count: 1
[2026-04-09 14:00:24] Video frame #185: 1920x1080, pitch=3840, FourCC=0x59565955
[2026-04-09 14:00:24] Connection count: 1
[2026-04-09 14:00:24] Video frame #186: 1920x1080, pitch=3840, FourCC=0x59565955
[2026-04-09 14:00:24] Connection count: 1
[2026-04-09 14:00:24] Video frame #187: 1920x1080, pitch=3840, FourCC=0x59565955
[2026-04-09 14:00:24] Connection count: 1
[2026-04-09 14:00:24] Video frame #188: 1920x1080, pitch=3840, FourCC=0x59565955
[2026-04-09 14:00:24] Connection count: 1
[2026-04-09 14:00:24] Video frame #189: 1920x1080, pitch=3840, FourCC=0x59565955
[2026-04-09 14:00:24] Connection count: 1
[2026-04-09 14:00:24] Video frame #190: 1920x1080, pitch=3840, FourCC=0x59565955
[2026-04-09 14:00:24] === Application shutting down ===
[2026-04-09 14:04:33] === Application started ===
[2026-04-09 14:04:38] Creating receiver: color_format=fastest, bandwidth=highest, allow_video_fields=true
[2026-04-09 14:04:38] Waiting for connection...
[2026-04-09 14:04:38] Connection established (waited 100ms)
[2026-04-09 14:04:38] Entering receive loop
[2026-04-09 14:04:38] Connection count: 1
[2026-04-09 14:04:38] Timeout waiting for frames (video=0, audio=0)...
[2026-04-09 14:04:38] Metadata: <ndi_capabilities ntk_registration="NDI-HX-PTZO-PTZ-V1" ntk_ptz="true" web_control="http://10.1.10.212"/>
[2026-04-09 14:04:38] Metadata: <ndi_tally_echo on_program="false" on_preview="true"/>
[2026-04-09 14:04:38] Video frame #1: 1920x1080, pitch=3840, FourCC=0x59565955
[2026-04-09 14:04:38] Connection count: 1
[2026-04-09 14:04:38] Video frame #2: 1920x1080, pitch=3840, FourCC=0x59565955
[2026-04-09 14:04:38] Connection count: 1
[2026-04-09 14:04:38] Metadata:  
[2026-04-09 14:04:38] Connection count: 1
[2026-04-09 14:04:38] Video frame #3: 1920x1080, pitch=3840, FourCC=0x59565955
[2026-04-09 14:04:38] Connection count: 1
[2026-04-09 14:04:38] Metadata: <ndi_tally_echo on_program="false" on_preview="false"/>
[2026-04-09 14:04:38] Connection count: 1
[2026-04-09 14:04:38] Video frame #4: 1920x1080, pitch=3840, FourCC=0x59565955
[2026-04-09 14:04:38] Connection count: 1
[2026-04-09 14:04:38] Video frame #5: 1920x1080, pitch=3840, FourCC=0x59565955
[2026-04-09 14:04:38] Connection count: 1
[2026-04-09 14:04:38] Video frame #6: 1920x1080, pitch=3840, FourCC=0x59565955
[2026-04-09 14:04:38] Connection count: 1
[2026-04-09 14:04:38] Video frame #7: 1920x1080, pitch=3840, FourCC=0x59565955
[2026-04-09 14:04:38] Connection count: 1
[2026-04-09 14:04:38] Video frame #8: 1920x1080, pitch=3840, FourCC=0x59565955
[2026-04-09 14:04:38] Connection count: 1
[2026-04-09 14:04:38] Video frame #9: 1920x1080, pitch=3840, FourCC=0x59565955
[2026-04-09 14:04:38] Connection count: 1
[2026-04-09 14:04:38] Video frame #10: 1920x1080, pitch=3840, FourCC=0x59565955
[2026-04-09 14:04:38] Connection count: 1
[2026-04-09 14:04:38] Video frame #11: 1920x1080, pitch=3840, FourCC=0x59565955
[2026-04-09 14:04:38] Connection count: 1
[2026-04-09 14:04:38] Video frame #12: 1920x1080, pitch=3840, FourCC=0x59565955
[2026-04-09 14:04:38] Connection count: 1
[2026-04-09 14:04:38] Video frame #13: 1920x1080, pitch=3840, FourCC=0x59565955
[2026-04-09 14:04:38] Connection count: 1
[2026-04-09 14:04:38] Video frame #14: 1920x1080, pitch=3840, FourCC=0x59565955
[2026-04-09 14:04:38] Connection count: 1
[2026-04-09 14:04:38] Video frame #15: 1920x1080, pitch=3840, FourCC=0x59565955
[2026-04-09 14:04:38] Connection count: 1
[2026-04-09 14:04:38] Video frame #16: 1920x1080, pitch=3840, FourCC=0x59565955
[2026-04-09 14:04:38] Connection count: 1
[2026-04-09 14:04:38] Video frame #17: 1920x1080, pitch=3840, FourCC=0x59565955
[2026-04-09 14:04:38] Connection count: 1
[2026-04-09 14:04:38] Video frame #18: 1920x1080, pitch=3840, FourCC=0x59565955
[2026-04-09 14:04:38] Connection count: 1
[2026-04-09 14:04:38] Video frame #19: 1920x1080, pitch=3840, FourCC=0x59565955
[2026-04-09 14:04:38] Connection count: 1
[2026-04-09 14:04:38] Video frame #20: 1920x1080, pitch=3840, FourCC=0x59565955
[2026-04-09 14:04:38] Connection count: 1
[2026-04-09 14:04:38] Video frame #21: 1920x1080, pitch=3840, FourCC=0x59565955
[2026-04-09 14:04:38] Connection count: 1
[2026-04-09 14:04:38] Video frame #22: 1920x1080, pitch=3840, FourCC=0x59565955
[2026-04-09 14:04:38] Connection count: 1
[2026-04-09 14:04:38] Video frame #23: 1920x1080, pitch=3840, FourCC=0x59565955
[2026-04-09 14:04:38] Connection count: 1
[2026-04-09 14:04:38] Video frame #24: 1920x1080, pitch=3840, FourCC=0x59565955
[2026-04-09 14:04:38] Connection count: 1
[2026-04-09 14:04:38] Video frame #25: 1920x1080, pitch=3840, FourCC=0x59565955
[2026-04-09 14:04:38] Connection count: 1
[2026-04-09 14:04:38] Video frame #26: 1920x1080, pitch=3840, FourCC=0x59565955
[2026-04-09 14:04:38] Connection count: 1
[2026-04-09 14:04:39] Video frame #27: 1920x1080, pitch=3840, FourCC=0x59565955
[2026-04-09 14:04:39] Connection count: 1
[2026-04-09 14:04:39] Video frame #28: 1920x1080, pitch=3840, FourCC=0x59565955
[2026-04-09 14:04:39] Connection count: 1
[2026-04-09 14:04:39] Video frame #29: 1920x1080, pitch=3840, FourCC=0x59565955
[2026-04-09 14:04:39] Connection count: 1
[2026-04-09 14:04:39] Video frame #30: 1920x1080, pitch=3840, FourCC=0x59565955
[2026-04-09 14:04:39] Connection count: 1
[2026-04-09 14:04:39] Video frame #31: 1920x1080, pitch=3840, FourCC=0x59565955
[2026-04-09 14:04:39] Connection count: 1
[2026-04-09 14:04:39] Video frame #32: 1920x1080, pitch=3840, FourCC=0x59565955
[2026-04-09 14:04:39] Connection count: 1
[2026-04-09 14:04:39] Video frame #33: 1920x1080, pitch=3840, FourCC=0x59565955
[2026-04-09 14:04:39] Connection count: 1
[2026-04-09 14:04:39] Video frame #34: 1920x1080, pitch=3840, FourCC=0x59565955
[2026-04-09 14:04:39] Connection count: 1
[2026-04-09 14:04:39] Video frame #35: 1920x1080, pitch=3840, FourCC=0x59565955
[2026-04-09 14:04:39] Connection count: 1
[2026-04-09 14:04:39] Video frame #36: 1920x1080, pitch=3840, FourCC=0x59565955
[2026-04-09 14:04:39] Connection count: 1
[2026-04-09 14:04:39] Video frame #37: 1920x1080, pitch=3840, FourCC=0x59565955
[2026-04-09 14:04:39] Connection count: 1
[2026-04-09 14:04:39] Video frame #38: 1920x1080, pitch=3840, FourCC=0x59565955
[2026-04-09 14:04:39] Connection count: 1
[2026-04-09 14:04:39] Video frame #39: 1920x1080, pitch=3840, FourCC=0x59565955
[2026-04-09 14:04:39] Connection count: 1
[2026-04-09 14:04:39] Video frame #40: 1920x1080, pitch=3840, FourCC=0x59565955
[2026-04-09 14:04:39] Connection count: 1
[2026-04-09 14:04:39] Video frame #41: 1920x1080, pitch=3840, FourCC=0x59565955
[2026-04-09 14:04:39] Connection count: 1
[2026-04-09 14:04:39] Video frame #42: 1920x1080, pitch=3840, FourCC=0x59565955
[2026-04-09 14:04:39] Connection count: 1
[2026-04-09 14:04:39] Video frame #43: 1920x1080, pitch=3840, FourCC=0x59565955
[2026-04-09 14:04:39] Connection count: 1
[2026-04-09 14:04:39] Video frame #44: 1920x1080, pitch=3840, FourCC=0x59565955
[2026-04-09 14:04:39] Connection count: 1
[2026-04-09 14:04:39] Video frame #45: 1920x1080, pitch=3840, FourCC=0x59565955
[2026-04-09 14:04:39] Connection count: 1
[2026-04-09 14:04:39] Video frame #46: 1920x1080, pitch=3840, FourCC=0x59565955
[2026-04-09 14:04:39] Connection count: 1
[2026-04-09 14:04:39] Video frame #47: 1920x1080, pitch=3840, FourCC=0x59565955
[2026-04-09 14:04:39] Connection count: 1
[2026-04-09 14:04:39] Video frame #48: 1920x1080, pitch=3840, FourCC=0x59565955
[2026-04-09 14:04:39] Connection count: 1
[2026-04-09 14:04:39] Video frame #49: 1920x1080, pitch=3840, FourCC=0x59565955
[2026-04-09 14:04:39] Connection count: 1
[2026-04-09 14:04:39] Video frame #50: 1920x1080, pitch=3840, FourCC=0x59565955
[2026-04-09 14:04:39] Connection count: 1
[2026-04-09 14:04:39] Video frame #51: 1920x1080, pitch=3840, FourCC=0x59565955
[2026-04-09 14:04:39] Connection count: 1
[2026-04-09 14:04:39] Video frame #52: 1920x1080, pitch=3840, FourCC=0x59565955
[2026-04-09 14:04:39] Connection count: 1
[2026-04-09 14:04:39] Video frame #53: 1920x1080, pitch=3840, FourCC=0x59565955
[2026-04-09 14:04:39] Connection count: 1
[2026-04-09 14:04:39] Video frame #54: 1920x1080, pitch=3840, FourCC=0x59565955
[2026-04-09 14:04:39] Connection count: 1
[2026-04-09 14:04:39] Video frame #55: 1920x1080, pitch=3840, FourCC=0x59565955
[2026-04-09 14:04:39] Connection count: 1
[2026-04-09 14:04:39] Video frame #56: 1920x1080, pitch=3840, FourCC=0x59565955
[2026-04-09 14:04:39] Connection count: 1
[2026-04-09 14:04:39] Video frame #57: 1920x1080, pitch=3840, FourCC=0x59565955
[2026-04-09 14:04:40] Connection count: 1
[2026-04-09 14:04:40] Video frame #58: 1920x1080, pitch=3840, FourCC=0x59565955
[2026-04-09 14:04:40] Connection count: 1
[2026-04-09 14:04:40] Video frame #59: 1920x1080, pitch=3840, FourCC=0x59565955
[2026-04-09 14:04:40] Connection count: 1
[2026-04-09 14:04:40] Video frame #60: 1920x1080, pitch=3840, FourCC=0x59565955
[2026-04-09 14:04:40] Connection count: 1
[2026-04-09 14:04:40] Video frame #61: 1920x1080, pitch=3840, FourCC=0x59565955
[2026-04-09 14:04:40] Connection count: 1
[2026-04-09 14:04:40] Video frame #62: 1920x1080, pitch=3840, FourCC=0x59565955
[2026-04-09 14:04:40] Connection count: 1
[2026-04-09 14:04:40] Video frame #63: 1920x1080, pitch=3840, FourCC=0x59565955
[2026-04-09 14:04:40] Connection count: 1
[2026-04-09 14:04:40] Video frame #64: 1920x1080, pitch=3840, FourCC=0x59565955
[2026-04-09 14:04:40] Connection count: 1
[2026-04-09 14:04:40] Video frame #65: 1920x1080, pitch=3840, FourCC=0x59565955
[2026-04-09 14:04:40] Connection count: 1
[2026-04-09 14:04:40] Video frame #66: 1920x1080, pitch=3840, FourCC=0x59565955
[2026-04-09 14:04:40] Connection count: 1
[2026-04-09 14:04:40] Video frame #67: 1920x1080, pitch=3840, FourCC=0x59565955
[2026-04-09 14:04:40] Connection count: 1
[2026-04-09 14:04:40] Video frame #68: 1920x1080, pitch=3840, FourCC=0x59565955
[2026-04-09 14:04:40] Connection count: 1
[2026-04-09 14:04:40] Video frame #69: 1920x1080, pitch=3840, FourCC=0x59565955
[2026-04-09 14:04:40] Connection count: 1
[2026-04-09 14:04:40] Video frame #70: 1920x1080, pitch=3840, FourCC=0x59565955
[2026-04-09 14:04:40] Connection count: 1
[2026-04-09 14:04:40] Video frame #71: 1920x1080, pitch=3840, FourCC=0x59565955
[2026-04-09 14:04:40] Connection count: 1
[2026-04-09 14:04:40] Video frame #72: 1920x1080, pitch=3840, FourCC=0x59565955
[2026-04-09 14:04:40] Connection count: 1
[2026-04-09 14:04:40] Video frame #73: 1920x1080, pitch=3840, FourCC=0x59565955
[2026-04-09 14:04:40] Connection count: 1
[2026-04-09 14:04:40] Video frame #74: 1920x1080, pitch=3840, FourCC=0x59565955
[2026-04-09 14:04:40] Connection count: 1
[2026-04-09 14:04:40] Video frame #75: 1920x1080, pitch=3840, FourCC=0x59565955
[2026-04-09 14:04:40] Connection count: 1
[2026-04-09 14:04:40] Video frame #76: 1920x1080, pitch=3840, FourCC=0x59565955
[2026-04-09 14:04:40] Connection count: 1
[2026-04-09 14:04:40] Video frame #77: 1920x1080, pitch=3840, FourCC=0x59565955
[2026-04-09 14:04:40] Connection count: 1
[2026-04-09 14:04:40] Video frame #78: 1920x1080, pitch=3840, FourCC=0x59565955
[2026-04-09 14:04:40] Connection count: 1
[2026-04-09 14:04:40] Video frame #79: 1920x1080, pitch=3840, FourCC=0x59565955
[2026-04-09 14:04:40] Connection count: 1
[2026-04-09 14:04:40] Video frame #80: 1920x1080, pitch=3840, FourCC=0x59565955
[2026-04-09 14:04:40] Connection count: 1
[2026-04-09 14:04:40] Video frame #81: 1920x1080, pitch=3840, FourCC=0x59565955
[2026-04-09 14:04:40] Connection count: 1
[2026-04-09 14:04:40] Video frame #82: 1920x1080, pitch=3840, FourCC=0x59565955
[2026-04-09 14:04:40] Connection count: 1
[2026-04-09 14:04:40] Video frame #83: 1920x1080, pitch=3840, FourCC=0x59565955
[2026-04-09 14:04:40] Connection count: 1
[2026-04-09 14:04:40] Video frame #84: 1920x1080, pitch=3840, FourCC=0x59565955
[2026-04-09 14:04:40] Connection count: 1
[2026-04-09 14:04:40] Video frame #85: 1920x1080, pitch=3840, FourCC=0x59565955
[2026-04-09 14:04:40] Connection count: 1
[2026-04-09 14:04:40] Video frame #86: 1920x1080, pitch=3840, FourCC=0x59565955
[2026-04-09 14:04:40] Connection count: 1
[2026-04-09 14:04:40] Video frame #87: 1920x1080, pitch=3840, FourCC=0x59565955
[2026-04-09 14:04:41] Connection count: 1
[2026-04-09 14:04:41] Video frame #88: 1920x1080, pitch=3840, FourCC=0x59565955
[2026-04-09 14:04:41] Connection count: 1
[2026-04-09 14:04:41] Video frame #89: 1920x1080, pitch=3840, FourCC=0x59565955
[2026-04-09 14:04:41] Connection count: 1
[2026-04-09 14:04:41] Video frame #90: 1920x1080, pitch=3840, FourCC=0x59565955
[2026-04-09 14:04:41] Connection count: 1
[2026-04-09 14:04:41] Video frame #91: 1920x1080, pitch=3840, FourCC=0x59565955
[2026-04-09 14:04:41] Connection count: 1
[2026-04-09 14:04:41] Video frame #92: 1920x1080, pitch=3840, FourCC=0x59565955
[2026-04-09 14:04:41] Connection count: 1
[2026-04-09 14:04:41] Video frame #93: 1920x1080, pitch=3840, FourCC=0x59565955
[2026-04-09 14:04:41] Connection count: 1
[2026-04-09 14:04:41] Video frame #94: 1920x1080, pitch=3840, FourCC=0x59565955
[2026-04-09 14:04:41] Connection count: 1
[2026-04-09 14:04:41] Video frame #95: 1920x1080, pitch=3840, FourCC=0x59565955
[2026-04-09 14:04:41] Connection count: 1
[2026-04-09 14:04:41] Video frame #96: 1920x1080, pitch=3840, FourCC=0x59565955
[2026-04-09 14:04:41] Connection count: 1
[2026-04-09 14:04:41] Video frame #97: 1920x1080, pitch=3840, FourCC=0x59565955
[2026-04-09 14:04:41] Connection count: 1
[2026-04-09 14:04:41] Video frame #98: 1920x1080, pitch=3840, FourCC=0x59565955
[2026-04-09 14:04:41] Connection count: 1
[2026-04-09 14:04:41] Video frame #99: 1920x1080, pitch=3840, FourCC=0x59565955
[2026-04-09 14:04:41] Connection count: 1
[2026-04-09 14:04:41] Video frame #100: 1920x1080, pitch=3840, FourCC=0x59565955
[2026-04-09 14:04:41] Connection count: 1
[2026-04-09 14:04:41] Video frame #101: 1920x1080, pitch=3840, FourCC=0x59565955
[2026-04-09 14:04:41] Connection count: 1
[2026-04-09 14:04:41] Video frame #102: 1920x1080, pitch=3840, FourCC=0x59565955
[2026-04-09 14:04:41] Connection count: 1
[2026-04-09 14:04:41] Video frame #103: 1920x1080, pitch=3840, FourCC=0x59565955
[2026-04-09 14:04:41] Connection count: 1
[2026-04-09 14:04:41] Video frame #104: 1920x1080, pitch=3840, FourCC=0x59565955
[2026-04-09 14:04:41] Connection count: 1
[2026-04-09 14:04:41] Video frame #105: 1920x1080, pitch=3840, FourCC=0x59565955
[2026-04-09 14:04:41] Connection count: 1
[2026-04-09 14:04:41] Video frame #106: 1920x1080, pitch=3840, FourCC=0x59565955
[2026-04-09 14:04:41] Connection count: 1
[2026-04-09 14:04:41] Video frame #107: 1920x1080, pitch=3840, FourCC=0x59565955
[2026-04-09 14:04:41] Connection count: 1
[2026-04-09 14:04:41] Video frame #108: 1920x1080, pitch=3840, FourCC=0x59565955
[2026-04-09 14:04:41] Connection count: 1
[2026-04-09 14:04:41] Video frame #109: 1920x1080, pitch=3840, FourCC=0x59565955
[2026-04-09 14:04:41] Connection count: 1
[2026-04-09 14:04:41] Video frame #110: 1920x1080, pitch=3840, FourCC=0x59565955
[2026-04-09 14:04:41] Connection count: 1
[2026-04-09 14:04:41] Video frame #111: 1920x1080, pitch=3840, FourCC=0x59565955
[2026-04-09 14:04:41] Connection count: 1
[2026-04-09 14:04:41] Video frame #112: 1920x1080, pitch=3840, FourCC=0x59565955
[2026-04-09 14:04:41] Connection count: 1
[2026-04-09 14:04:41] Video frame #113: 1920x1080, pitch=3840, FourCC=0x59565955
[2026-04-09 14:04:41] Connection count: 1
[2026-04-09 14:04:41] Video frame #114: 1920x1080, pitch=3840, FourCC=0x59565955
[2026-04-09 14:04:41] Connection count: 1
[2026-04-09 14:04:41] Video frame #115: 1920x1080, pitch=3840, FourCC=0x59565955
[2026-04-09 14:04:41] Connection count: 1
[2026-04-09 14:04:41] Video frame #116: 1920x1080, pitch=3840, FourCC=0x59565955
[2026-04-09 14:04:41] Connection count: 1
[2026-04-09 14:04:42] Video frame #117: 1920x1080, pitch=3840, FourCC=0x59565955
[2026-04-09 14:04:42] Connection count: 1
[2026-04-09 14:04:42] Video frame #118: 1920x1080, pitch=3840, FourCC=0x59565955
[2026-04-09 14:04:42] Connection count: 1
[2026-04-09 14:04:42] Video frame #119: 1920x1080, pitch=3840, FourCC=0x59565955
[2026-04-09 14:04:42] Connection count: 1
[2026-04-09 14:04:42] Video frame #120: 1920x1080, pitch=3840, FourCC=0x59565955
[2026-04-09 14:04:42] Connection count: 1
[2026-04-09 14:04:42] Video frame #121: 1920x1080, pitch=3840, FourCC=0x59565955
[2026-04-09 14:04:42] Connection count: 1
[2026-04-09 14:04:42] Video frame #122: 1920x1080, pitch=3840, FourCC=0x59565955
[2026-04-09 14:04:42] Connection count: 1
[2026-04-09 14:04:42] Video frame #123: 1920x1080, pitch=3840, FourCC=0x59565955
[2026-04-09 14:04:42] Connection count: 1
[2026-04-09 14:04:42] Video frame #124: 1920x1080, pitch=3840, FourCC=0x59565955
[2026-04-09 14:04:42] Connection count: 1
[2026-04-09 14:04:42] Video frame #125: 1920x1080, pitch=3840, FourCC=0x59565955
[2026-04-09 14:04:42] Connection count: 1
[2026-04-09 14:04:42] Video frame #126: 1920x1080, pitch=3840, FourCC=0x59565955
[2026-04-09 14:04:42] Connection count: 1
[2026-04-09 14:04:42] Video frame #127: 1920x1080, pitch=3840, FourCC=0x59565955
[2026-04-09 14:04:42] Connection count: 1
[2026-04-09 14:04:42] Video frame #128: 1920x1080, pitch=3840, FourCC=0x59565955
[2026-04-09 14:04:42] Connection count: 1
[2026-04-09 14:04:42] Video frame #129: 1920x1080, pitch=3840, FourCC=0x59565955
[2026-04-09 14:04:42] Connection count: 1
[2026-04-09 14:04:42] Video frame #130: 1920x1080, pitch=3840, FourCC=0x59565955
[2026-04-09 14:04:42] Connection count: 1
[2026-04-09 14:04:42] Video frame #131: 1920x1080, pitch=3840, FourCC=0x59565955
[2026-04-09 14:04:42] Connection count: 1
[2026-04-09 14:04:42] Video frame #132: 1920x1080, pitch=3840, FourCC=0x59565955
[2026-04-09 14:04:42] Connection count: 1
[2026-04-09 14:04:42] Video frame #133: 1920x1080, pitch=3840, FourCC=0x59565955
[2026-04-09 14:04:42] Connection count: 1
[2026-04-09 14:04:42] Video frame #134: 1920x1080, pitch=3840, FourCC=0x59565955
[2026-04-09 14:04:42] Connection count: 1
[2026-04-09 14:04:42] Video frame #135: 1920x1080, pitch=3840, FourCC=0x59565955
[2026-04-09 14:04:42] Connection count: 1
[2026-04-09 14:04:42] Video frame #136: 1920x1080, pitch=3840, FourCC=0x59565955
[2026-04-09 14:04:42] Connection count: 1
[2026-04-09 14:04:42] Video frame #137: 1920x1080, pitch=3840, FourCC=0x59565955
[2026-04-09 14:04:42] Connection count: 1
[2026-04-09 14:04:42] Video frame #138: 1920x1080, pitch=3840, FourCC=0x59565955
[2026-04-09 14:04:42] Connection count: 1
[2026-04-09 14:04:42] Video frame #139: 1920x1080, pitch=3840, FourCC=0x59565955
[2026-04-09 14:04:42] Connection count: 1
[2026-04-09 14:04:42] Video frame #140: 1920x1080, pitch=3840, FourCC=0x59565955
[2026-04-09 14:04:42] Connection count: 1
[2026-04-09 14:04:42] Video frame #141: 1920x1080, pitch=3840, FourCC=0x59565955
[2026-04-09 14:04:42] Connection count: 1
[2026-04-09 14:04:42] Video frame #142: 1920x1080, pitch=3840, FourCC=0x59565955
[2026-04-09 14:04:42] Connection count: 1
[2026-04-09 14:04:42] Video frame #143: 1920x1080, pitch=3840, FourCC=0x59565955
[2026-04-09 14:04:42] Connection count: 1
[2026-04-09 14:04:42] Video frame #144: 1920x1080, pitch=3840, FourCC=0x59565955
[2026-04-09 14:04:42] Connection count: 1
[2026-04-09 14:04:42] Video frame #145: 1920x1080, pitch=3840, FourCC=0x59565955
[2026-04-09 14:04:42] Connection count: 1
[2026-04-09 14:04:42] Video frame #146: 1920x1080, pitch=3840, FourCC=0x59565955
[2026-04-09 14:04:42] Connection count: 1
[2026-04-09 14:04:42] Video frame #147: 1920x1080, pitch=3840, FourCC=0x59565955
[2026-04-09 14:04:43] Connection count: 1
[2026-04-09 14:04:43] Video frame #148: 1920x1080, pitch=3840, FourCC=0x59565955
[2026-04-09 14:04:43] Connection count: 1
[2026-04-09 14:04:43] Video frame #149: 1920x1080, pitch=3840, FourCC=0x59565955
[2026-04-09 14:04:43] Connection count: 1
[2026-04-09 14:04:43] Video frame #150: 1920x1080, pitch=3840, FourCC=0x59565955
[2026-04-09 14:04:43] Connection count: 1
[2026-04-09 14:04:43] Video frame #151: 1920x1080, pitch=3840, FourCC=0x59565955
[2026-04-09 14:04:43] Connection count: 1
[2026-04-09 14:04:43] Video frame #152: 1920x1080, pitch=3840, FourCC=0x59565955
[2026-04-09 14:04:43] Connection count: 1
[2026-04-09 14:04:43] Video frame #153: 1920x1080, pitch=3840, FourCC=0x59565955
[2026-04-09 14:04:43] Connection count: 1
[2026-04-09 14:04:43] Video frame #154: 1920x1080, pitch=3840, FourCC=0x59565955
[2026-04-09 14:04:43] Connection count: 1
[2026-04-09 14:04:43] Video frame #155: 1920x1080, pitch=3840, FourCC=0x59565955
[2026-04-09 14:04:43] Connection count: 1
[2026-04-09 14:04:43] Video frame #156: 1920x1080, pitch=3840, FourCC=0x59565955
[2026-04-09 14:04:43] Connection count: 1
[2026-04-09 14:04:43] Video frame #157: 1920x1080, pitch=3840, FourCC=0x59565955
[2026-04-09 14:04:43] Connection count: 1
[2026-04-09 14:04:43] Video frame #158: 1920x1080, pitch=3840, FourCC=0x59565955
[2026-04-09 14:04:43] Connection count: 1
[2026-04-09 14:04:43] Video frame #159: 1920x1080, pitch=3840, FourCC=0x59565955
[2026-04-09 14:04:43] Connection count: 1
[2026-04-09 14:04:43] Video frame #160: 1920x1080, pitch=3840, FourCC=0x59565955
[2026-04-09 14:04:43] Connection count: 1
[2026-04-09 14:04:43] Video frame #161: 1920x1080, pitch=3840, FourCC=0x59565955
[2026-04-09 14:04:43] Connection count: 1
[2026-04-09 14:04:43] Video frame #162: 1920x1080, pitch=3840, FourCC=0x59565955
[2026-04-09 14:04:43] Connection count: 1
[2026-04-09 14:04:43] Video frame #163: 1920x1080, pitch=3840, FourCC=0x59565955
[2026-04-09 14:04:43] Connection count: 1
[2026-04-09 14:04:43] Video frame #164: 1920x1080, pitch=3840, FourCC=0x59565955
[2026-04-09 14:04:43] Connection count: 1
[2026-04-09 14:04:43] Video frame #165: 1920x1080, pitch=3840, FourCC=0x59565955
[2026-04-09 14:04:43] Connection count: 1
[2026-04-09 14:04:43] Video frame #166: 1920x1080, pitch=3840, FourCC=0x59565955
[2026-04-09 14:04:43] Connection count: 1
[2026-04-09 14:04:43] Video frame #167: 1920x1080, pitch=3840, FourCC=0x59565955
[2026-04-09 14:04:43] Connection count: 1
[2026-04-09 14:04:43] Video frame #168: 1920x1080, pitch=3840, FourCC=0x59565955
[2026-04-09 14:04:43] Connection count: 1
[2026-04-09 14:04:43] Video frame #169: 1920x1080, pitch=3840, FourCC=0x59565955
[2026-04-09 14:04:43] Connection count: 1
[2026-04-09 14:04:43] Video frame #170: 1920x1080, pitch=3840, FourCC=0x59565955
[2026-04-09 14:04:43] Connection count: 1
[2026-04-09 14:04:43] Video frame #171: 1920x1080, pitch=3840, FourCC=0x59565955
[2026-04-09 14:04:43] Connection count: 1
[2026-04-09 14:04:43] Video frame #172: 1920x1080, pitch=3840, FourCC=0x59565955
[2026-04-09 14:04:43] Connection count: 1
[2026-04-09 14:04:43] Video frame #173: 1920x1080, pitch=3840, FourCC=0x59565955
[2026-04-09 14:04:43] Connection count: 1
[2026-04-09 14:04:43] Video frame #174: 1920x1080, pitch=3840, FourCC=0x59565955
[2026-04-09 14:04:43] Connection count: 1
[2026-04-09 14:04:43] Video frame #175: 1920x1080, pitch=3840, FourCC=0x59565955
[2026-04-09 14:04:43] Connection count: 1
[2026-04-09 14:04:43] Video frame #176: 1920x1080, pitch=3840, FourCC=0x59565955
[2026-04-09 14:04:43] Connection count: 1
[2026-04-09 14:04:43] Video frame #177: 1920x1080, pitch=3840, FourCC=0x59565955
[2026-04-09 14:04:44] Connection count: 1
[2026-04-09 14:04:44] Video frame #178: 1920x1080, pitch=3840, FourCC=0x59565955
[2026-04-09 14:04:44] Connection count: 1
[2026-04-09 14:04:44] Video frame #179: 1920x1080, pitch=3840, FourCC=0x59565955
[2026-04-09 14:04:44] Connection count: 1
[2026-04-09 14:04:44] Video frame #180: 1920x1080, pitch=3840, FourCC=0x59565955
[2026-04-09 14:04:44] Connection count: 1
[2026-04-09 14:04:44] Video frame #181: 1920x1080, pitch=3840, FourCC=0x59565955
[2026-04-09 14:04:44] Connection count: 1
[2026-04-09 14:04:44] Video frame #182: 1920x1080, pitch=3840, FourCC=0x59565955
[2026-04-09 14:04:44] Connection count: 1
[2026-04-09 14:04:44] Video frame #183: 1920x1080, pitch=3840, FourCC=0x59565955
[2026-04-09 14:04:44] Connection count: 1
[2026-04-09 14:04:44] Video frame #184: 1920x1080, pitch=3840, FourCC=0x59565955
[2026-04-09 14:04:44] Connection count: 1
[2026-04-09 14:04:44] Video frame #185: 1920x1080, pitch=3840, FourCC=0x59565955
[2026-04-09 14:04:44] Connection count: 1
[2026-04-09 14:04:44] Video frame #186: 1920x1080, pitch=3840, FourCC=0x59565955
[2026-04-09 14:04:44] Connection count: 1
[2026-04-09 14:04:44] Video frame #187: 1920x1080, pitch=3840, FourCC=0x59565955
[2026-04-09 14:04:44] Connection count: 1
[2026-04-09 14:04:44] Video frame #188: 1920x1080, pitch=3840, FourCC=0x59565955
[2026-04-09 14:04:44] Connection count: 1
[2026-04-09 14:04:44] Video frame #189: 1920x1080, pitch=3840, FourCC=0x59565955
[2026-04-09 14:04:44] Connection count: 1
[2026-04-09 14:04:44] Video frame #190: 1920x1080, pitch=3840, FourCC=0x59565955
[2026-04-09 14:04:44] Connection count: 1
[2026-04-09 14:04:44] Video frame #191: 1920x1080, pitch=3840, FourCC=0x59565955
[2026-04-09 14:04:44] Connection count: 1
[2026-04-09 14:04:44] Video frame #192: 1920x1080, pitch=3840, FourCC=0x59565955
[2026-04-09 14:04:44] Connection count: 1
[2026-04-09 14:04:44] Video frame #193: 1920x1080, pitch=3840, FourCC=0x59565955
[2026-04-09 14:04:44] Connection count: 1
[2026-04-09 14:04:44] Video frame #194: 1920x1080, pitch=3840, FourCC=0x59565955
[2026-04-09 14:04:44] Connection count: 1
[2026-04-09 14:04:44] Video frame #195: 1920x1080, pitch=3840, FourCC=0x59565955
[2026-04-09 14:04:44] Connection count: 1
[2026-04-09 14:04:44] Video frame #196: 1920x1080, pitch=3840, FourCC=0x59565955
[2026-04-09 14:04:44] Connection count: 1
[2026-04-09 14:04:44] Video frame #197: 1920x1080, pitch=3840, FourCC=0x59565955
[2026-04-09 14:04:44] Connection count: 1
[2026-04-09 14:04:44] Video frame #198: 1920x1080, pitch=3840, FourCC=0x59565955
[2026-04-09 14:04:44] Connection count: 1
[2026-04-09 14:04:44] Video frame #199: 1920x1080, pitch=3840, FourCC=0x59565955
[2026-04-09 14:04:44] Connection count: 1
[2026-04-09 14:04:44] Video frame #200: 1920x1080, pitch=3840, FourCC=0x59565955
[2026-04-09 14:04:44] Connection count: 1
[2026-04-09 14:04:44] Queue depth: video=0, audio=0
[2026-04-09 14:04:44] Video frame #201: 1920x1080, pitch=3840, FourCC=0x59565955
[2026-04-09 14:04:44] Connection count: 1
[2026-04-09 14:04:44] Video frame #202: 1920x1080, pitch=3840, FourCC=0x59565955
[2026-04-09 14:04:44] Connection count: 1
[2026-04-09 14:04:44] Video frame #203: 1920x1080, pitch=3840, FourCC=0x59565955
[2026-04-09 14:04:44] Connection count: 1
[2026-04-09 14:04:44] Video frame #204: 1920x1080, pitch=3840, FourCC=0x59565955
[2026-04-09 14:04:44] Connection count: 1
[2026-04-09 14:04:44] Video frame #205: 1920x1080, pitch=3840, FourCC=0x59565955
[2026-04-09 14:04:44] Connection count: 1
[2026-04-09 14:04:44] Video frame #206: 1920x1080, pitch=3840, FourCC=0x59565955
[2026-04-09 14:04:44] Connection count: 1
[2026-04-09 14:04:44] Video frame #207: 1920x1080, pitch=3840, FourCC=0x59565955
[2026-04-09 14:04:45] Connection count: 1
[2026-04-09 14:04:45] Video frame #208: 1920x1080, pitch=3840, FourCC=0x59565955
[2026-04-09 14:04:45] Connection count: 1
[2026-04-09 14:04:45] Video frame #209: 1920x1080, pitch=3840, FourCC=0x59565955
[2026-04-09 14:04:45] Connection count: 1
[2026-04-09 14:04:45] Video frame #210: 1920x1080, pitch=3840, FourCC=0x59565955
[2026-04-09 14:04:45] Connection count: 1
[2026-04-09 14:04:45] Video frame #211: 1920x1080, pitch=3840, FourCC=0x59565955
[2026-04-09 14:04:45] Connection count: 1
[2026-04-09 14:04:45] Video frame #212: 1920x1080, pitch=3840, FourCC=0x59565955
[2026-04-09 14:04:45] Connection count: 1
[2026-04-09 14:04:45] Video frame #213: 1920x1080, pitch=3840, FourCC=0x59565955
[2026-04-09 14:04:45] Connection count: 1
[2026-04-09 14:04:45] Video frame #214: 1920x1080, pitch=3840, FourCC=0x59565955
[2026-04-09 14:04:45] Connection count: 1
[2026-04-09 14:04:45] Video frame #215: 1920x1080, pitch=3840, FourCC=0x59565955
[2026-04-09 14:04:45] Connection count: 1
[2026-04-09 14:04:45] Video frame #216: 1920x1080, pitch=3840, FourCC=0x59565955
[2026-04-09 14:04:45] Connection count: 1
[2026-04-09 14:04:45] Video frame #217: 1920x1080, pitch=3840, FourCC=0x59565955
[2026-04-09 14:04:45] Connection count: 1
[2026-04-09 14:04:45] Video frame #218: 1920x1080, pitch=3840, FourCC=0x59565955
[2026-04-09 14:04:45] Connection count: 1
[2026-04-09 14:04:45] Video frame #219: 1920x1080, pitch=3840, FourCC=0x59565955
[2026-04-09 14:04:45] Connection count: 1
[2026-04-09 14:04:45] Video frame #220: 1920x1080, pitch=3840, FourCC=0x59565955
[2026-04-09 14:04:45] Connection count: 1
[2026-04-09 14:04:45] Video frame #221: 1920x1080, pitch=3840, FourCC=0x59565955
[2026-04-09 14:04:45] Connection count: 1
[2026-04-09 14:04:45] Video frame #222: 1920x1080, pitch=3840, FourCC=0x59565955
[2026-04-09 14:04:45] Connection count: 1
[2026-04-09 14:04:45] Video frame #223: 1920x1080, pitch=3840, FourCC=0x59565955
[2026-04-09 14:04:45] Connection count: 1
[2026-04-09 14:04:45] Video frame #224: 1920x1080, pitch=3840, FourCC=0x59565955
[2026-04-09 14:04:45] Connection count: 1
[2026-04-09 14:04:45] Video frame #225: 1920x1080, pitch=3840, FourCC=0x59565955
[2026-04-09 14:04:45] Connection count: 1
[2026-04-09 14:04:45] Video frame #226: 1920x1080, pitch=3840, FourCC=0x59565955
[2026-04-09 14:04:45] Connection count: 1
[2026-04-09 14:04:45] Video frame #227: 1920x1080, pitch=3840, FourCC=0x59565955
[2026-04-09 14:04:45] Connection count: 1
[2026-04-09 14:04:45] Video frame #228: 1920x1080, pitch=3840, FourCC=0x59565955
[2026-04-09 14:04:45] Connection count: 1
[2026-04-09 14:04:45] Video frame #229: 1920x1080, pitch=3840, FourCC=0x59565955
[2026-04-09 14:04:45] Connection count: 1
[2026-04-09 14:04:45] Video frame #230: 1920x1080, pitch=3840, FourCC=0x59565955
[2026-04-09 14:04:45] Connection count: 1
[2026-04-09 14:04:45] Video frame #231: 1920x1080, pitch=3840, FourCC=0x59565955
[2026-04-09 14:04:45] Connection count: 1
[2026-04-09 14:04:45] Video frame #232: 1920x1080, pitch=3840, FourCC=0x59565955
[2026-04-09 14:04:45] Connection count: 1
[2026-04-09 14:04:45] Video frame #233: 1920x1080, pitch=3840, FourCC=0x59565955
[2026-04-09 14:04:45] Connection count: 1
[2026-04-09 14:04:45] Video frame #234: 1920x1080, pitch=3840, FourCC=0x59565955
[2026-04-09 14:04:45] === Application shutting down ===
[2026-04-09 14:05:44] === Application started ===
[2026-04-09 14:05:48] Creating receiver: color_format=fastest, bandwidth=highest, allow_video_fields=true
[2026-04-09 14:05:48] Waiting for connection...
[2026-04-09 14:05:48] Connection established (waited 100ms)
[2026-04-09 14:05:48] Entering receive loop
[2026-04-09 14:05:48] Connection count: 1
[2026-04-09 14:05:48] Timeout waiting for frames (video=0, audio=0)...
[2026-04-09 14:05:48] Metadata: <ndi_capabilities ntk_registration="NDI-HX-PTZO-PTZ-V1" ntk_ptz="true" web_control="http://10.1.10.212"/>
[2026-04-09 14:05:48] Metadata: <ndi_tally_echo on_program="false" on_preview="true"/>
[2026-04-09 14:05:48] Metadata:  
[2026-04-09 14:05:48] Metadata: <ndi_tally_echo on_program="false" on_preview="false"/>
[2026-04-09 14:05:48] Video frame #1: 1920x1080, pitch=3840, FourCC=0x59565955
[2026-04-09 14:05:48] Connection count: 1
[2026-04-09 14:05:48] Video frame #2: 1920x1080, pitch=3840, FourCC=0x59565955
[2026-04-09 14:05:48] Connection count: 1
[2026-04-09 14:05:48] Video frame #3: 1920x1080, pitch=3840, FourCC=0x59565955
[2026-04-09 14:05:48] Connection count: 1
[2026-04-09 14:05:48] Video frame #4: 1920x1080, pitch=3840, FourCC=0x59565955
[2026-04-09 14:05:48] Connection count: 1
[2026-04-09 14:05:48] Video frame #5: 1920x1080, pitch=3840, FourCC=0x59565955
[2026-04-09 14:05:48] Connection count: 1
[2026-04-09 14:05:48] Video frame #6: 1920x1080, pitch=3840, FourCC=0x59565955
[2026-04-09 14:05:48] Connection count: 1
[2026-04-09 14:05:48] Video frame #7: 1920x1080, pitch=3840, FourCC=0x59565955
[2026-04-09 14:05:48] Connection count: 1
[2026-04-09 14:05:49] Video frame #8: 1920x1080, pitch=3840, FourCC=0x59565955
[2026-04-09 14:05:49] Connection count: 1
[2026-04-09 14:05:49] Video frame #9: 1920x1080, pitch=3840, FourCC=0x59565955
[2026-04-09 14:05:49] Connection count: 1
[2026-04-09 14:05:49] Video frame #10: 1920x1080, pitch=3840, FourCC=0x59565955
[2026-04-09 14:05:49] Connection count: 1
[2026-04-09 14:05:49] Video frame #11: 1920x1080, pitch=3840, FourCC=0x59565955
[2026-04-09 14:05:49] Connection count: 1
[2026-04-09 14:05:49] Video frame #12: 1920x1080, pitch=3840, FourCC=0x59565955
[2026-04-09 14:05:49] Connection count: 1
[2026-04-09 14:05:49] Video frame #13: 1920x1080, pitch=3840, FourCC=0x59565955
[2026-04-09 14:05:49] Connection count: 1
[2026-04-09 14:05:49] Video frame #14: 1920x1080, pitch=3840, FourCC=0x59565955
[2026-04-09 14:05:49] Connection count: 1
[2026-04-09 14:05:49] Video frame #15: 1920x1080, pitch=3840, FourCC=0x59565955
[2026-04-09 14:05:49] Connection count: 1
[2026-04-09 14:05:49] Video frame #16: 1920x1080, pitch=3840, FourCC=0x59565955
[2026-04-09 14:05:49] Connection count: 1
[2026-04-09 14:05:49] Video frame #17: 1920x1080, pitch=3840, FourCC=0x59565955
[2026-04-09 14:05:49] Connection count: 1
[2026-04-09 14:05:49] Video frame #18: 1920x1080, pitch=3840, FourCC=0x59565955
[2026-04-09 14:05:49] Connection count: 1
[2026-04-09 14:05:49] Video frame #19: 1920x1080, pitch=3840, FourCC=0x59565955
[2026-04-09 14:05:49] Connection count: 1
[2026-04-09 14:05:49] Video frame #20: 1920x1080, pitch=3840, FourCC=0x59565955
[2026-04-09 14:05:49] Connection count: 1
[2026-04-09 14:05:49] Video frame #21: 1920x1080, pitch=3840, FourCC=0x59565955
[2026-04-09 14:05:49] Connection count: 1
[2026-04-09 14:05:49] Video frame #22: 1920x1080, pitch=3840, FourCC=0x59565955
[2026-04-09 14:05:49] Connection count: 1
[2026-04-09 14:05:49] Video frame #23: 1920x1080, pitch=3840, FourCC=0x59565955
[2026-04-09 14:05:49] Connection count: 1
[2026-04-09 14:05:49] Video frame #24: 1920x1080, pitch=3840, FourCC=0x59565955
[2026-04-09 14:05:49] Connection count: 1
[2026-04-09 14:05:49] Video frame #25: 1920x1080, pitch=3840, FourCC=0x59565955
[2026-04-09 14:05:49] Connection count: 1
[2026-04-09 14:05:49] Video frame #26: 1920x1080, pitch=3840, FourCC=0x59565955
[2026-04-09 14:05:49] Connection count: 1
[2026-04-09 14:05:49] Video frame #27: 1920x1080, pitch=3840, FourCC=0x59565955
[2026-04-09 14:05:49] Connection count: 1
[2026-04-09 14:05:49] Video frame #28: 1920x1080, pitch=3840, FourCC=0x59565955
[2026-04-09 14:05:49] Connection count: 1
[2026-04-09 14:05:49] Video frame #29: 1920x1080, pitch=3840, FourCC=0x59565955
[2026-04-09 14:05:49] Connection count: 1
[2026-04-09 14:05:49] Video frame #30: 1920x1080, pitch=3840, FourCC=0x59565955
[2026-04-09 14:05:49] Connection count: 1
[2026-04-09 14:05:49] Video frame #31: 1920x1080, pitch=3840, FourCC=0x59565955
[2026-04-09 14:05:49] Connection count: 1
[2026-04-09 14:05:49] Video frame #32: 1920x1080, pitch=3840, FourCC=0x59565955
[2026-04-09 14:05:49] Connection count: 1
[2026-04-09 14:05:49] Video frame #33: 1920x1080, pitch=3840, FourCC=0x59565955
[2026-04-09 14:05:49] Connection count: 1
[2026-04-09 14:05:49] Video frame #34: 1920x1080, pitch=3840, FourCC=0x59565955
[2026-04-09 14:05:49] Connection count: 1
[2026-04-09 14:05:49] Video frame #35: 1920x1080, pitch=3840, FourCC=0x59565955
[2026-04-09 14:05:49] Connection count: 1
[2026-04-09 14:05:49] Video frame #36: 1920x1080, pitch=3840, FourCC=0x59565955
[2026-04-09 14:05:49] Connection count: 1
[2026-04-09 14:05:49] Video frame #37: 1920x1080, pitch=3840, FourCC=0x59565955
[2026-04-09 14:05:49] Connection count: 1
[2026-04-09 14:05:50] Video frame #38: 1920x1080, pitch=3840, FourCC=0x59565955
[2026-04-09 14:05:50] Connection count: 1
[2026-04-09 14:05:50] Video frame #39: 1920x1080, pitch=3840, FourCC=0x59565955
[2026-04-09 14:05:50] Connection count: 1
[2026-04-09 14:05:50] Video frame #40: 1920x1080, pitch=3840, FourCC=0x59565955
[2026-04-09 14:05:50] Connection count: 1
[2026-04-09 14:05:50] Video frame #41: 1920x1080, pitch=3840, FourCC=0x59565955
[2026-04-09 14:05:50] Connection count: 1
[2026-04-09 14:05:50] Video frame #42: 1920x1080, pitch=3840, FourCC=0x59565955
[2026-04-09 14:05:50] Connection count: 1
[2026-04-09 14:05:50] Video frame #43: 1920x1080, pitch=3840, FourCC=0x59565955
[2026-04-09 14:05:50] Connection count: 1
[2026-04-09 14:05:50] Video frame #44: 1920x1080, pitch=3840, FourCC=0x59565955
[2026-04-09 14:05:50] Connection count: 1
[2026-04-09 14:05:50] Video frame #45: 1920x1080, pitch=3840, FourCC=0x59565955
[2026-04-09 14:05:50] Connection count: 1
[2026-04-09 14:05:50] Video frame #46: 1920x1080, pitch=3840, FourCC=0x59565955
[2026-04-09 14:05:50] Connection count: 1
[2026-04-09 14:05:50] Video frame #47: 1920x1080, pitch=3840, FourCC=0x59565955
[2026-04-09 14:05:50] Connection count: 1
[2026-04-09 14:05:50] Video frame #48: 1920x1080, pitch=3840, FourCC=0x59565955
[2026-04-09 14:05:50] Connection count: 1
[2026-04-09 14:05:50] Video frame #49: 1920x1080, pitch=3840, FourCC=0x59565955
[2026-04-09 14:05:50] Connection count: 1
[2026-04-09 14:05:50] Video frame #50: 1920x1080, pitch=3840, FourCC=0x59565955
[2026-04-09 14:05:50] Connection count: 1
[2026-04-09 14:05:50] Video frame #51: 1920x1080, pitch=3840, FourCC=0x59565955
[2026-04-09 14:05:50] Connection count: 1
[2026-04-09 14:05:50] Video frame #52: 1920x1080, pitch=3840, FourCC=0x59565955
[2026-04-09 14:05:50] Connection count: 1
[2026-04-09 14:05:50] Video frame #53: 1920x1080, pitch=3840, FourCC=0x59565955
[2026-04-09 14:05:50] Connection count: 1
[2026-04-09 14:05:50] Video frame #54: 1920x1080, pitch=3840, FourCC=0x59565955
[2026-04-09 14:05:50] Connection count: 1
[2026-04-09 14:05:50] Video frame #55: 1920x1080, pitch=3840, FourCC=0x59565955
[2026-04-09 14:05:50] Connection count: 1
[2026-04-09 14:05:50] Video frame #56: 1920x1080, pitch=3840, FourCC=0x59565955
[2026-04-09 14:05:50] Connection count: 1
[2026-04-09 14:05:50] Video frame #57: 1920x1080, pitch=3840, FourCC=0x59565955
[2026-04-09 14:05:50] Connection count: 1
[2026-04-09 14:05:50] Video frame #58: 1920x1080, pitch=3840, FourCC=0x59565955
[2026-04-09 14:05:50] Connection count: 1
[2026-04-09 14:05:50] Video frame #59: 1920x1080, pitch=3840, FourCC=0x59565955
[2026-04-09 14:05:50] Connection count: 1
[2026-04-09 14:05:50] Video frame #60: 1920x1080, pitch=3840, FourCC=0x59565955
[2026-04-09 14:05:50] Connection count: 1
[2026-04-09 14:05:50] Video frame #61: 1920x1080, pitch=3840, FourCC=0x59565955
[2026-04-09 14:05:50] Connection count: 1
[2026-04-09 14:05:50] Video frame #62: 1920x1080, pitch=3840, FourCC=0x59565955
[2026-04-09 14:05:50] Connection count: 1
[2026-04-09 14:05:50] Video frame #63: 1920x1080, pitch=3840, FourCC=0x59565955
[2026-04-09 14:05:50] Connection count: 1
[2026-04-09 14:05:50] Video frame #64: 1920x1080, pitch=3840, FourCC=0x59565955
[2026-04-09 14:05:50] Connection count: 1
[2026-04-09 14:05:50] Video frame #65: 1920x1080, pitch=3840, FourCC=0x59565955
[2026-04-09 14:05:50] Connection count: 1
[2026-04-09 14:05:50] Video frame #66: 1920x1080, pitch=3840, FourCC=0x59565955
[2026-04-09 14:05:50] Connection count: 1
[2026-04-09 14:05:50] Video frame #67: 1920x1080, pitch=3840, FourCC=0x59565955
[2026-04-09 14:05:51] Connection count: 1
[2026-04-09 14:05:51] Video frame #68: 1920x1080, pitch=3840, FourCC=0x59565955
[2026-04-09 14:05:51] Connection count: 1
[2026-04-09 14:05:51] Video frame #69: 1920x1080, pitch=3840, FourCC=0x59565955
[2026-04-09 14:05:51] Connection count: 1
[2026-04-09 14:05:51] Video frame #70: 1920x1080, pitch=3840, FourCC=0x59565955
[2026-04-09 14:05:51] Connection count: 1
[2026-04-09 14:05:51] Video frame #71: 1920x1080, pitch=3840, FourCC=0x59565955
[2026-04-09 14:05:51] Connection count: 1
[2026-04-09 14:05:51] Video frame #72: 1920x1080, pitch=3840, FourCC=0x59565955
[2026-04-09 14:05:51] Connection count: 1
[2026-04-09 14:05:51] Video frame #73: 1920x1080, pitch=3840, FourCC=0x59565955
[2026-04-09 14:05:51] Connection count: 1
[2026-04-09 14:05:51] Video frame #74: 1920x1080, pitch=3840, FourCC=0x59565955
[2026-04-09 14:05:51] Connection count: 1
[2026-04-09 14:05:51] Video frame #75: 1920x1080, pitch=3840, FourCC=0x59565955
[2026-04-09 14:05:51] Connection count: 1
[2026-04-09 14:05:51] Video frame #76: 1920x1080, pitch=3840, FourCC=0x59565955
[2026-04-09 14:05:51] Connection count: 1
[2026-04-09 14:05:51] Video frame #77: 1920x1080, pitch=3840, FourCC=0x59565955
[2026-04-09 14:05:51] Connection count: 1
[2026-04-09 14:05:51] Video frame #78: 1920x1080, pitch=3840, FourCC=0x59565955
[2026-04-09 14:05:51] Connection count: 1
[2026-04-09 14:05:51] Video frame #79: 1920x1080, pitch=3840, FourCC=0x59565955
[2026-04-09 14:05:51] Connection count: 1
[2026-04-09 14:05:51] Video frame #80: 1920x1080, pitch=3840, FourCC=0x59565955
[2026-04-09 14:05:51] Connection count: 1
[2026-04-09 14:05:51] Video frame #81: 1920x1080, pitch=3840, FourCC=0x59565955
[2026-04-09 14:05:51] Connection count: 1
[2026-04-09 14:05:51] Video frame #82: 1920x1080, pitch=3840, FourCC=0x59565955
[2026-04-09 14:05:51] Connection count: 1
[2026-04-09 14:05:51] Video frame #83: 1920x1080, pitch=3840, FourCC=0x59565955
[2026-04-09 14:05:51] Connection count: 1
[2026-04-09 14:05:51] Video frame #84: 1920x1080, pitch=3840, FourCC=0x59565955
[2026-04-09 14:05:51] Connection count: 1
[2026-04-09 14:05:51] Video frame #85: 1920x1080, pitch=3840, FourCC=0x59565955
[2026-04-09 14:05:51] Connection count: 1
[2026-04-09 14:05:51] Video frame #86: 1920x1080, pitch=3840, FourCC=0x59565955
[2026-04-09 14:05:51] Connection count: 1
[2026-04-09 14:05:51] Video frame #87: 1920x1080, pitch=3840, FourCC=0x59565955
[2026-04-09 14:05:51] Connection count: 1
[2026-04-09 14:05:51] Video frame #88: 1920x1080, pitch=3840, FourCC=0x59565955
[2026-04-09 14:05:51] Connection count: 1
[2026-04-09 14:05:51] Video frame #89: 1920x1080, pitch=3840, FourCC=0x59565955
[2026-04-09 14:05:51] Connection count: 1
[2026-04-09 14:05:51] Video frame #90: 1920x1080, pitch=3840, FourCC=0x59565955
[2026-04-09 14:05:51] Connection count: 1
[2026-04-09 14:05:51] Video frame #91: 1920x1080, pitch=3840, FourCC=0x59565955
[2026-04-09 14:05:51] Connection count: 1
[2026-04-09 14:05:51] Video frame #92: 1920x1080, pitch=3840, FourCC=0x59565955
[2026-04-09 14:05:51] Connection count: 1
[2026-04-09 14:05:51] Video frame #93: 1920x1080, pitch=3840, FourCC=0x59565955
[2026-04-09 14:05:51] Connection count: 1
[2026-04-09 14:05:51] Video frame #94: 1920x1080, pitch=3840, FourCC=0x59565955
[2026-04-09 14:05:51] Connection count: 1
[2026-04-09 14:05:51] Video frame #95: 1920x1080, pitch=3840, FourCC=0x59565955
[2026-04-09 14:05:51] Connection count: 1
[2026-04-09 14:05:51] Video frame #96: 1920x1080, pitch=3840, FourCC=0x59565955
[2026-04-09 14:05:51] Connection count: 1
[2026-04-09 14:05:51] Video frame #97: 1920x1080, pitch=3840, FourCC=0x59565955
[2026-04-09 14:05:51] Connection count: 1
[2026-04-09 14:05:52] Video frame #98: 1920x1080, pitch=3840, FourCC=0x59565955
[2026-04-09 14:05:52] Connection count: 1
[2026-04-09 14:05:52] Video frame #99: 1920x1080, pitch=3840, FourCC=0x59565955
[2026-04-09 14:05:52] Connection count: 1
[2026-04-09 14:05:52] Video frame #100: 1920x1080, pitch=3840, FourCC=0x59565955
[2026-04-09 14:05:52] Connection count: 1
[2026-04-09 14:05:52] Video frame #101: 1920x1080, pitch=3840, FourCC=0x59565955
[2026-04-09 14:05:52] Connection count: 1
[2026-04-09 14:05:52] Video frame #102: 1920x1080, pitch=3840, FourCC=0x59565955
[2026-04-09 14:05:52] Connection count: 1
[2026-04-09 14:05:52] Video frame #103: 1920x1080, pitch=3840, FourCC=0x59565955
[2026-04-09 14:05:52] Connection count: 1
[2026-04-09 14:05:52] Video frame #104: 1920x1080, pitch=3840, FourCC=0x59565955
[2026-04-09 14:05:52] Connection count: 1
[2026-04-09 14:05:52] Video frame #105: 1920x1080, pitch=3840, FourCC=0x59565955
[2026-04-09 14:05:52] Connection count: 1
[2026-04-09 14:05:52] Video frame #106: 1920x1080, pitch=3840, FourCC=0x59565955
[2026-04-09 14:05:52] Connection count: 1
[2026-04-09 14:05:52] Video frame #107: 1920x1080, pitch=3840, FourCC=0x59565955
[2026-04-09 14:05:52] Connection count: 1
[2026-04-09 14:05:52] Video frame #108: 1920x1080, pitch=3840, FourCC=0x59565955
[2026-04-09 14:05:52] Connection count: 1
[2026-04-09 14:05:52] Video frame #109: 1920x1080, pitch=3840, FourCC=0x59565955
[2026-04-09 14:05:52] Connection count: 1
[2026-04-09 14:05:52] Video frame #110: 1920x1080, pitch=3840, FourCC=0x59565955
[2026-04-09 14:05:52] Connection count: 1
[2026-04-09 14:05:52] Video frame #111: 1920x1080, pitch=3840, FourCC=0x59565955
[2026-04-09 14:05:52] Connection count: 1
[2026-04-09 14:05:52] Video frame #112: 1920x1080, pitch=3840, FourCC=0x59565955
[2026-04-09 14:05:52] Connection count: 1
[2026-04-09 14:05:52] Video frame #113: 1920x1080, pitch=3840, FourCC=0x59565955
[2026-04-09 14:05:52] Connection count: 1
[2026-04-09 14:05:52] Video frame #114: 1920x1080, pitch=3840, FourCC=0x59565955
[2026-04-09 14:05:52] Connection count: 1
[2026-04-09 14:05:52] Video frame #115: 1920x1080, pitch=3840, FourCC=0x59565955
[2026-04-09 14:05:52] Connection count: 1
[2026-04-09 14:05:52] Video frame #116: 1920x1080, pitch=3840, FourCC=0x59565955
[2026-04-09 14:05:52] Connection count: 1
[2026-04-09 14:05:52] Video frame #117: 1920x1080, pitch=3840, FourCC=0x59565955
[2026-04-09 14:05:52] Connection count: 1
[2026-04-09 14:05:52] Video frame #118: 1920x1080, pitch=3840, FourCC=0x59565955
[2026-04-09 14:05:52] Connection count: 1
[2026-04-09 14:05:52] Video frame #119: 1920x1080, pitch=3840, FourCC=0x59565955
[2026-04-09 14:05:52] Connection count: 1
[2026-04-09 14:05:52] Video frame #120: 1920x1080, pitch=3840, FourCC=0x59565955
[2026-04-09 14:05:52] Connection count: 1
[2026-04-09 14:05:52] Video frame #121: 1920x1080, pitch=3840, FourCC=0x59565955
[2026-04-09 14:05:52] Connection count: 1
[2026-04-09 14:05:52] Video frame #122: 1920x1080, pitch=3840, FourCC=0x59565955
[2026-04-09 14:05:52] Connection count: 1
[2026-04-09 14:05:52] Video frame #123: 1920x1080, pitch=3840, FourCC=0x59565955
[2026-04-09 14:05:52] Connection count: 1
[2026-04-09 14:05:52] Video frame #124: 1920x1080, pitch=3840, FourCC=0x59565955
[2026-04-09 14:05:52] Connection count: 1
[2026-04-09 14:05:52] Video frame #125: 1920x1080, pitch=3840, FourCC=0x59565955
[2026-04-09 14:05:52] Connection count: 1
[2026-04-09 14:05:52] Video frame #126: 1920x1080, pitch=3840, FourCC=0x59565955
[2026-04-09 14:05:52] Connection count: 1
[2026-04-09 14:05:52] Video frame #127: 1920x1080, pitch=3840, FourCC=0x59565955
[2026-04-09 14:05:52] Connection count: 1
[2026-04-09 14:05:53] Video frame #128: 1920x1080, pitch=3840, FourCC=0x59565955
[2026-04-09 14:05:53] Connection count: 1
[2026-04-09 14:05:53] Video frame #129: 1920x1080, pitch=3840, FourCC=0x59565955
[2026-04-09 14:05:53] Connection count: 1
[2026-04-09 14:05:53] Video frame #130: 1920x1080, pitch=3840, FourCC=0x59565955
[2026-04-09 14:05:53] Connection count: 1
[2026-04-09 14:05:53] Video frame #131: 1920x1080, pitch=3840, FourCC=0x59565955
[2026-04-09 14:05:53] Connection count: 1
[2026-04-09 14:05:53] Video frame #132: 1920x1080, pitch=3840, FourCC=0x59565955
[2026-04-09 14:05:53] Connection count: 1
[2026-04-09 14:05:53] Video frame #133: 1920x1080, pitch=3840, FourCC=0x59565955
[2026-04-09 14:05:53] Connection count: 1
[2026-04-09 14:05:53] Video frame #134: 1920x1080, pitch=3840, FourCC=0x59565955
[2026-04-09 14:05:53] Connection count: 1
[2026-04-09 14:05:53] Video frame #135: 1920x1080, pitch=3840, FourCC=0x59565955
[2026-04-09 14:05:53] Connection count: 1
[2026-04-09 14:05:53] Video frame #136: 1920x1080, pitch=3840, FourCC=0x59565955
[2026-04-09 14:05:53] Connection count: 1
[2026-04-09 14:05:53] Video frame #137: 1920x1080, pitch=3840, FourCC=0x59565955
[2026-04-09 14:05:53] Connection count: 1
[2026-04-09 14:05:53] Video frame #138: 1920x1080, pitch=3840, FourCC=0x59565955
[2026-04-09 14:05:53] Connection count: 1
[2026-04-09 14:05:53] Video frame #139: 1920x1080, pitch=3840, FourCC=0x59565955
[2026-04-09 14:05:53] Connection count: 1
[2026-04-09 14:05:53] Video frame #140: 1920x1080, pitch=3840, FourCC=0x59565955
[2026-04-09 14:05:53] Connection count: 1
[2026-04-09 14:05:53] Video frame #141: 1920x1080, pitch=3840, FourCC=0x59565955
[2026-04-09 14:05:53] Connection count: 1
[2026-04-09 14:05:53] Video frame #142: 1920x1080, pitch=3840, FourCC=0x59565955
[2026-04-09 14:05:53] Connection count: 1
[2026-04-09 14:05:53] Video frame #143: 1920x1080, pitch=3840, FourCC=0x59565955
[2026-04-09 14:05:53] Connection count: 1
[2026-04-09 14:05:53] Video frame #144: 1920x1080, pitch=3840, FourCC=0x59565955
[2026-04-09 14:05:53] Connection count: 1
[2026-04-09 14:05:53] Video frame #145: 1920x1080, pitch=3840, FourCC=0x59565955
[2026-04-09 14:05:53] Connection count: 1
[2026-04-09 14:05:53] Video frame #146: 1920x1080, pitch=3840, FourCC=0x59565955
[2026-04-09 14:05:53] Connection count: 1
[2026-04-09 14:05:53] Video frame #147: 1920x1080, pitch=3840, FourCC=0x59565955
[2026-04-09 14:05:53] Connection count: 1
[2026-04-09 14:05:53] Video frame #148: 1920x1080, pitch=3840, FourCC=0x59565955
[2026-04-09 14:05:53] Connection count: 1
[2026-04-09 14:05:53] Video frame #149: 1920x1080, pitch=3840, FourCC=0x59565955
[2026-04-09 14:05:53] Connection count: 1
[2026-04-09 14:05:53] Video frame #150: 1920x1080, pitch=3840, FourCC=0x59565955
[2026-04-09 14:05:53] Connection count: 1
[2026-04-09 14:05:53] Video frame #151: 1920x1080, pitch=3840, FourCC=0x59565955
[2026-04-09 14:05:53] Connection count: 1
[2026-04-09 14:05:53] Video frame #152: 1920x1080, pitch=3840, FourCC=0x59565955
[2026-04-09 14:05:53] Connection count: 1
[2026-04-09 14:05:53] Video frame #153: 1920x1080, pitch=3840, FourCC=0x59565955
[2026-04-09 14:05:53] Connection count: 1
[2026-04-09 14:05:53] Video frame #154: 1920x1080, pitch=3840, FourCC=0x59565955
[2026-04-09 14:05:53] Connection count: 1
[2026-04-09 14:05:53] Video frame #155: 1920x1080, pitch=3840, FourCC=0x59565955
[2026-04-09 14:05:53] Connection count: 1
[2026-04-09 14:05:53] Video frame #156: 1920x1080, pitch=3840, FourCC=0x59565955
[2026-04-09 14:05:53] Connection count: 1
[2026-04-09 14:05:53] Video frame #157: 1920x1080, pitch=3840, FourCC=0x59565955
[2026-04-09 14:05:54] Connection count: 1
[2026-04-09 14:05:54] Video frame #158: 1920x1080, pitch=3840, FourCC=0x59565955
[2026-04-09 14:05:54] Connection count: 1
[2026-04-09 14:05:54] Video frame #159: 1920x1080, pitch=3840, FourCC=0x59565955
[2026-04-09 14:05:54] Connection count: 1
[2026-04-09 14:05:54] Video frame #160: 1920x1080, pitch=3840, FourCC=0x59565955
[2026-04-09 14:05:54] Connection count: 1
[2026-04-09 14:05:54] Video frame #161: 1920x1080, pitch=3840, FourCC=0x59565955
[2026-04-09 14:05:54] Connection count: 1
[2026-04-09 14:05:54] Video frame #162: 1920x1080, pitch=3840, FourCC=0x59565955
[2026-04-09 14:05:54] Connection count: 1
[2026-04-09 14:05:54] Video frame #163: 1920x1080, pitch=3840, FourCC=0x59565955
[2026-04-09 14:05:54] Connection count: 1
[2026-04-09 14:05:54] Video frame #164: 1920x1080, pitch=3840, FourCC=0x59565955
[2026-04-09 14:05:54] Connection count: 1
[2026-04-09 14:05:54] Video frame #165: 1920x1080, pitch=3840, FourCC=0x59565955
[2026-04-09 14:05:54] Connection count: 1
[2026-04-09 14:05:54] Video frame #166: 1920x1080, pitch=3840, FourCC=0x59565955
[2026-04-09 14:05:54] Connection count: 1
[2026-04-09 14:05:54] Video frame #167: 1920x1080, pitch=3840, FourCC=0x59565955
[2026-04-09 14:05:54] Connection count: 1
[2026-04-09 14:05:54] Video frame #168: 1920x1080, pitch=3840, FourCC=0x59565955
[2026-04-09 14:05:54] Connection count: 1
[2026-04-09 14:05:54] Video frame #169: 1920x1080, pitch=3840, FourCC=0x59565955
[2026-04-09 14:05:54] Connection count: 1
[2026-04-09 14:05:54] Video frame #170: 1920x1080, pitch=3840, FourCC=0x59565955
[2026-04-09 14:05:54] Connection count: 1
[2026-04-09 14:05:54] Video frame #171: 1920x1080, pitch=3840, FourCC=0x59565955
[2026-04-09 14:05:54] Connection count: 1
[2026-04-09 14:05:54] Video frame #172: 1920x1080, pitch=3840, FourCC=0x59565955
[2026-04-09 14:05:54] Connection count: 1
[2026-04-09 14:05:54] Video frame #173: 1920x1080, pitch=3840, FourCC=0x59565955
[2026-04-09 14:05:54] Connection count: 1
[2026-04-09 14:05:54] Video frame #174: 1920x1080, pitch=3840, FourCC=0x59565955
[2026-04-09 14:05:54] Connection count: 1
[2026-04-09 14:05:54] Video frame #175: 1920x1080, pitch=3840, FourCC=0x59565955
[2026-04-09 14:05:54] Connection count: 1
[2026-04-09 14:05:54] Video frame #176: 1920x1080, pitch=3840, FourCC=0x59565955
[2026-04-09 14:05:54] Connection count: 1
[2026-04-09 14:05:54] Video frame #177: 1920x1080, pitch=3840, FourCC=0x59565955
[2026-04-09 14:05:54] Connection count: 1
[2026-04-09 14:05:54] Video frame #178: 1920x1080, pitch=3840, FourCC=0x59565955
[2026-04-09 14:05:54] Connection count: 1
[2026-04-09 14:05:54] Video frame #179: 1920x1080, pitch=3840, FourCC=0x59565955
[2026-04-09 14:05:54] Connection count: 1
[2026-04-09 14:05:54] Video frame #180: 1920x1080, pitch=3840, FourCC=0x59565955
[2026-04-09 14:05:54] Connection count: 1
[2026-04-09 14:05:54] Video frame #181: 1920x1080, pitch=3840, FourCC=0x59565955
[2026-04-09 14:05:54] Connection count: 1
[2026-04-09 14:05:54] Video frame #182: 1920x1080, pitch=3840, FourCC=0x59565955
[2026-04-09 14:05:54] Connection count: 1
[2026-04-09 14:05:54] Video frame #183: 1920x1080, pitch=3840, FourCC=0x59565955
[2026-04-09 14:05:54] Connection count: 1
[2026-04-09 14:05:54] Video frame #184: 1920x1080, pitch=3840, FourCC=0x59565955
[2026-04-09 14:05:54] Connection count: 1
[2026-04-09 14:05:54] Video frame #185: 1920x1080, pitch=3840, FourCC=0x59565955
[2026-04-09 14:05:54] Connection count: 1
[2026-04-09 14:05:54] Video frame #186: 1920x1080, pitch=3840, FourCC=0x59565955
[2026-04-09 14:05:54] === Application shutting down ===
[2026-04-09 14:06:05] === Application started ===
[2026-04-09 14:06:09] Creating receiver: color_format=fastest, bandwidth=highest, allow_video_fields=true
[2026-04-09 14:06:09] Waiting for connection...
[2026-04-09 14:06:09] Connection established (waited 100ms)
[2026-04-09 14:06:09] Entering receive loop
[2026-04-09 14:06:09] Connection count: 1
[2026-04-09 14:06:09] Timeout waiting for frames (video=0, audio=0)...
[2026-04-09 14:06:09] Metadata: <ndi_capabilities ntk_registration="NDI-HX-PTZO-PTZ-V1" ntk_ptz="true" web_control="http://10.1.10.212"/>
[2026-04-09 14:06:09] Metadata: <ndi_tally_echo on_program="false" on_preview="true"/>
[2026-04-09 14:06:09] Metadata:  
[2026-04-09 14:06:09] Metadata: <ndi_tally_echo on_program="false" on_preview="false"/>
[2026-04-09 14:06:09] Video frame #1: 1920x1080, pitch=3840, FourCC=0x59565955
[2026-04-09 14:06:09] Connection count: 1
[2026-04-09 14:06:09] Video frame #2: 1920x1080, pitch=3840, FourCC=0x59565955
[2026-04-09 14:06:09] Connection count: 1
[2026-04-09 14:06:09] Video frame #3: 1920x1080, pitch=3840, FourCC=0x59565955
[2026-04-09 14:06:09] Connection count: 1
[2026-04-09 14:06:09] Video frame #4: 1920x1080, pitch=3840, FourCC=0x59565955
[2026-04-09 14:06:09] Connection count: 1
[2026-04-09 14:06:09] Video frame #5: 1920x1080, pitch=3840, FourCC=0x59565955
[2026-04-09 14:06:09] Connection count: 1
[2026-04-09 14:06:10] Video frame #6: 1920x1080, pitch=3840, FourCC=0x59565955
[2026-04-09 14:06:10] Connection count: 1
[2026-04-09 14:06:10] Video frame #7: 1920x1080, pitch=3840, FourCC=0x59565955
[2026-04-09 14:06:10] Connection count: 1
[2026-04-09 14:06:10] Video frame #8: 1920x1080, pitch=3840, FourCC=0x59565955
[2026-04-09 14:06:10] Connection count: 1
[2026-04-09 14:06:10] Video frame #9: 1920x1080, pitch=3840, FourCC=0x59565955
[2026-04-09 14:06:10] Connection count: 1
[2026-04-09 14:06:10] Video frame #10: 1920x1080, pitch=3840, FourCC=0x59565955
[2026-04-09 14:06:10] Connection count: 1
[2026-04-09 14:06:10] Video frame #11: 1920x1080, pitch=3840, FourCC=0x59565955
[2026-04-09 14:06:10] Connection count: 1
[2026-04-09 14:06:10] Video frame #12: 1920x1080, pitch=3840, FourCC=0x59565955
[2026-04-09 14:06:10] Connection count: 1
[2026-04-09 14:06:10] Video frame #13: 1920x1080, pitch=3840, FourCC=0x59565955
[2026-04-09 14:06:10] Connection count: 1
[2026-04-09 14:06:10] Video frame #14: 1920x1080, pitch=3840, FourCC=0x59565955
[2026-04-09 14:06:10] Connection count: 1
[2026-04-09 14:06:10] Video frame #15: 1920x1080, pitch=3840, FourCC=0x59565955
[2026-04-09 14:06:10] Connection count: 1
[2026-04-09 14:06:10] Video frame #16: 1920x1080, pitch=3840, FourCC=0x59565955
[2026-04-09 14:06:10] Connection count: 1
[2026-04-09 14:06:10] Video frame #17: 1920x1080, pitch=3840, FourCC=0x59565955
[2026-04-09 14:06:10] Connection count: 1
[2026-04-09 14:06:10] Video frame #18: 1920x1080, pitch=3840, FourCC=0x59565955
[2026-04-09 14:06:10] Connection count: 1
[2026-04-09 14:06:10] Video frame #19: 1920x1080, pitch=3840, FourCC=0x59565955
[2026-04-09 14:06:10] Connection count: 1
[2026-04-09 14:06:10] Video frame #20: 1920x1080, pitch=3840, FourCC=0x59565955
[2026-04-09 14:06:10] Connection count: 1
[2026-04-09 14:06:10] Video frame #21: 1920x1080, pitch=3840, FourCC=0x59565955
[2026-04-09 14:06:10] Connection count: 1
[2026-04-09 14:06:10] Video frame #22: 1920x1080, pitch=3840, FourCC=0x59565955
[2026-04-09 14:06:10] Connection count: 1
[2026-04-09 14:06:10] Video frame #23: 1920x1080, pitch=3840, FourCC=0x59565955
[2026-04-09 14:06:10] Connection count: 1
[2026-04-09 14:06:10] Video frame #24: 1920x1080, pitch=3840, FourCC=0x59565955
[2026-04-09 14:06:10] Connection count: 1
[2026-04-09 14:06:10] Video frame #25: 1920x1080, pitch=3840, FourCC=0x59565955
[2026-04-09 14:06:10] Connection count: 1
[2026-04-09 14:06:10] Video frame #26: 1920x1080, pitch=3840, FourCC=0x59565955
[2026-04-09 14:06:10] Connection count: 1
[2026-04-09 14:06:10] Video frame #27: 1920x1080, pitch=3840, FourCC=0x59565955
[2026-04-09 14:06:10] Connection count: 1
[2026-04-09 14:06:10] Video frame #28: 1920x1080, pitch=3840, FourCC=0x59565955
[2026-04-09 14:06:10] Connection count: 1
[2026-04-09 14:06:10] Video frame #29: 1920x1080, pitch=3840, FourCC=0x59565955
[2026-04-09 14:06:10] Connection count: 1
[2026-04-09 14:06:10] Video frame #30: 1920x1080, pitch=3840, FourCC=0x59565955
[2026-04-09 14:06:10] Connection count: 1
[2026-04-09 14:06:10] Video frame #31: 1920x1080, pitch=3840, FourCC=0x59565955
[2026-04-09 14:06:10] Connection count: 1
[2026-04-09 14:06:10] Video frame #32: 1920x1080, pitch=3840, FourCC=0x59565955
[2026-04-09 14:06:10] Connection count: 1
[2026-04-09 14:06:10] Video frame #33: 1920x1080, pitch=3840, FourCC=0x59565955
[2026-04-09 14:06:10] Connection count: 1
[2026-04-09 14:06:10] Video frame #34: 1920x1080, pitch=3840, FourCC=0x59565955
[2026-04-09 14:06:10] Connection count: 1
[2026-04-09 14:06:10] Video frame #35: 1920x1080, pitch=3840, FourCC=0x59565955
[2026-04-09 14:06:10] Connection count: 1
[2026-04-09 14:06:11] Video frame #36: 1920x1080, pitch=3840, FourCC=0x59565955
[2026-04-09 14:06:11] Connection count: 1
[2026-04-09 14:06:11] Video frame #37: 1920x1080, pitch=3840, FourCC=0x59565955
[2026-04-09 14:06:11] Connection count: 1
[2026-04-09 14:06:11] Video frame #38: 1920x1080, pitch=3840, FourCC=0x59565955
[2026-04-09 14:06:11] Connection count: 1
[2026-04-09 14:06:11] Video frame #39: 1920x1080, pitch=3840, FourCC=0x59565955
[2026-04-09 14:06:11] Connection count: 1
[2026-04-09 14:06:11] Video frame #40: 1920x1080, pitch=3840, FourCC=0x59565955
[2026-04-09 14:06:11] Connection count: 1
[2026-04-09 14:06:11] Video frame #41: 1920x1080, pitch=3840, FourCC=0x59565955
[2026-04-09 14:06:11] Connection count: 1
[2026-04-09 14:06:11] Video frame #42: 1920x1080, pitch=3840, FourCC=0x59565955
[2026-04-09 14:06:11] Connection count: 1
[2026-04-09 14:06:11] Video frame #43: 1920x1080, pitch=3840, FourCC=0x59565955
[2026-04-09 14:06:11] Connection count: 1
[2026-04-09 14:06:11] Video frame #44: 1920x1080, pitch=3840, FourCC=0x59565955
[2026-04-09 14:06:11] Connection count: 1
[2026-04-09 14:06:11] Video frame #45: 1920x1080, pitch=3840, FourCC=0x59565955
[2026-04-09 14:06:11] Connection count: 1
[2026-04-09 14:06:11] Video frame #46: 1920x1080, pitch=3840, FourCC=0x59565955
[2026-04-09 14:06:11] Connection count: 1
[2026-04-09 14:06:11] Video frame #47: 1920x1080, pitch=3840, FourCC=0x59565955
[2026-04-09 14:06:11] Connection count: 1
[2026-04-09 14:06:11] Video frame #48: 1920x1080, pitch=3840, FourCC=0x59565955
[2026-04-09 14:06:11] Connection count: 1
[2026-04-09 14:06:11] Video frame #49: 1920x1080, pitch=3840, FourCC=0x59565955
[2026-04-09 14:06:11] Connection count: 1
[2026-04-09 14:06:11] Video frame #50: 1920x1080, pitch=3840, FourCC=0x59565955
[2026-04-09 14:06:11] Connection count: 1
[2026-04-09 14:06:11] Video frame #51: 1920x1080, pitch=3840, FourCC=0x59565955
[2026-04-09 14:06:11] Connection count: 1
[2026-04-09 14:06:11] Video frame #52: 1920x1080, pitch=3840, FourCC=0x59565955
[2026-04-09 14:06:11] Connection count: 1
[2026-04-09 14:06:11] Video frame #53: 1920x1080, pitch=3840, FourCC=0x59565955
[2026-04-09 14:06:11] Connection count: 1
[2026-04-09 14:06:11] Video frame #54: 1920x1080, pitch=3840, FourCC=0x59565955
[2026-04-09 14:06:11] Connection count: 1
[2026-04-09 14:06:11] Video frame #55: 1920x1080, pitch=3840, FourCC=0x59565955
[2026-04-09 14:06:11] Connection count: 1
[2026-04-09 14:06:11] Video frame #56: 1920x1080, pitch=3840, FourCC=0x59565955
[2026-04-09 14:06:11] Connection count: 1
[2026-04-09 14:06:11] Video frame #57: 1920x1080, pitch=3840, FourCC=0x59565955
[2026-04-09 14:06:11] Connection count: 1
[2026-04-09 14:06:11] Video frame #58: 1920x1080, pitch=3840, FourCC=0x59565955
[2026-04-09 14:06:11] Connection count: 1
[2026-04-09 14:06:11] Video frame #59: 1920x1080, pitch=3840, FourCC=0x59565955
[2026-04-09 14:06:11] Connection count: 1
[2026-04-09 14:06:11] Video frame #60: 1920x1080, pitch=3840, FourCC=0x59565955
[2026-04-09 14:06:11] Connection count: 1
[2026-04-09 14:06:11] Video frame #61: 1920x1080, pitch=3840, FourCC=0x59565955
[2026-04-09 14:06:11] Connection count: 1
[2026-04-09 14:06:11] Video frame #62: 1920x1080, pitch=3840, FourCC=0x59565955
[2026-04-09 14:06:11] Connection count: 1
[2026-04-09 14:06:11] Video frame #63: 1920x1080, pitch=3840, FourCC=0x59565955
[2026-04-09 14:06:11] Connection count: 1
[2026-04-09 14:06:11] Video frame #64: 1920x1080, pitch=3840, FourCC=0x59565955
[2026-04-09 14:06:11] Connection count: 1
[2026-04-09 14:06:11] Video frame #65: 1920x1080, pitch=3840, FourCC=0x59565955
[2026-04-09 14:06:11] Connection count: 1
[2026-04-09 14:06:12] Video frame #66: 1920x1080, pitch=3840, FourCC=0x59565955
[2026-04-09 14:06:12] Connection count: 1
[2026-04-09 14:06:12] Video frame #67: 1920x1080, pitch=3840, FourCC=0x59565955
[2026-04-09 14:06:12] Connection count: 1
[2026-04-09 14:06:12] Video frame #68: 1920x1080, pitch=3840, FourCC=0x59565955
[2026-04-09 14:06:12] Connection count: 1
[2026-04-09 14:06:12] Video frame #69: 1920x1080, pitch=3840, FourCC=0x59565955
[2026-04-09 14:06:12] Connection count: 1
[2026-04-09 14:06:12] Video frame #70: 1920x1080, pitch=3840, FourCC=0x59565955
[2026-04-09 14:06:12] Connection count: 1
[2026-04-09 14:06:12] Video frame #71: 1920x1080, pitch=3840, FourCC=0x59565955
[2026-04-09 14:06:12] Connection count: 1
[2026-04-09 14:06:12] Video frame #72: 1920x1080, pitch=3840, FourCC=0x59565955
[2026-04-09 14:06:12] Connection count: 1
[2026-04-09 14:06:12] Video frame #73: 1920x1080, pitch=3840, FourCC=0x59565955
[2026-04-09 14:06:12] Connection count: 1
[2026-04-09 14:06:12] Video frame #74: 1920x1080, pitch=3840, FourCC=0x59565955
[2026-04-09 14:06:12] Connection count: 1
[2026-04-09 14:06:12] Video frame #75: 1920x1080, pitch=3840, FourCC=0x59565955
[2026-04-09 14:06:12] Connection count: 1
[2026-04-09 14:06:12] Video frame #76: 1920x1080, pitch=3840, FourCC=0x59565955
[2026-04-09 14:06:12] Connection count: 1
[2026-04-09 14:06:12] Video frame #77: 1920x1080, pitch=3840, FourCC=0x59565955
[2026-04-09 14:06:12] Connection count: 1
[2026-04-09 14:06:12] Video frame #78: 1920x1080, pitch=3840, FourCC=0x59565955
[2026-04-09 14:06:12] Connection count: 1
[2026-04-09 14:06:12] Video frame #79: 1920x1080, pitch=3840, FourCC=0x59565955
[2026-04-09 14:06:12] Connection count: 1
[2026-04-09 14:06:12] Video frame #80: 1920x1080, pitch=3840, FourCC=0x59565955
[2026-04-09 14:06:12] Connection count: 1
[2026-04-09 14:06:12] Video frame #81: 1920x1080, pitch=3840, FourCC=0x59565955
[2026-04-09 14:06:12] Connection count: 1
[2026-04-09 14:06:12] Video frame #82: 1920x1080, pitch=3840, FourCC=0x59565955
[2026-04-09 14:06:12] Connection count: 1
[2026-04-09 14:06:12] Video frame #83: 1920x1080, pitch=3840, FourCC=0x59565955
[2026-04-09 14:06:12] Connection count: 1
[2026-04-09 14:06:12] Video frame #84: 1920x1080, pitch=3840, FourCC=0x59565955
[2026-04-09 14:06:12] Connection count: 1
[2026-04-09 14:06:12] Video frame #85: 1920x1080, pitch=3840, FourCC=0x59565955
[2026-04-09 14:06:12] Connection count: 1
[2026-04-09 14:06:12] Video frame #86: 1920x1080, pitch=3840, FourCC=0x59565955
[2026-04-09 14:06:12] Connection count: 1
[2026-04-09 14:06:12] Video frame #87: 1920x1080, pitch=3840, FourCC=0x59565955
[2026-04-09 14:06:12] Connection count: 1
[2026-04-09 14:06:12] Video frame #88: 1920x1080, pitch=3840, FourCC=0x59565955
[2026-04-09 14:06:12] Connection count: 1
[2026-04-09 14:06:12] Video frame #89: 1920x1080, pitch=3840, FourCC=0x59565955
[2026-04-09 14:06:12] Connection count: 1
[2026-04-09 14:06:12] Video frame #90: 1920x1080, pitch=3840, FourCC=0x59565955
[2026-04-09 14:06:12] Connection count: 1
[2026-04-09 14:06:12] Video frame #91: 1920x1080, pitch=3840, FourCC=0x59565955
[2026-04-09 14:06:12] Connection count: 1
[2026-04-09 14:06:12] Video frame #92: 1920x1080, pitch=3840, FourCC=0x59565955
[2026-04-09 14:06:12] Connection count: 1
[2026-04-09 14:06:12] Video frame #93: 1920x1080, pitch=3840, FourCC=0x59565955
[2026-04-09 14:06:12] Connection count: 1
[2026-04-09 14:06:12] Video frame #94: 1920x1080, pitch=3840, FourCC=0x59565955
[2026-04-09 14:06:12] Connection count: 1
[2026-04-09 14:06:12] Video frame #95: 1920x1080, pitch=3840, FourCC=0x59565955
[2026-04-09 14:06:12] Connection count: 1
[2026-04-09 14:06:13] Video frame #96: 1920x1080, pitch=3840, FourCC=0x59565955
[2026-04-09 14:06:13] Connection count: 1
[2026-04-09 14:06:13] Video frame #97: 1920x1080, pitch=3840, FourCC=0x59565955
[2026-04-09 14:06:13] Connection count: 1
[2026-04-09 14:06:13] Video frame #98: 1920x1080, pitch=3840, FourCC=0x59565955
[2026-04-09 14:06:13] Connection count: 1
[2026-04-09 14:06:13] Video frame #99: 1920x1080, pitch=3840, FourCC=0x59565955
[2026-04-09 14:06:13] Connection count: 1
[2026-04-09 14:06:13] Video frame #100: 1920x1080, pitch=3840, FourCC=0x59565955
[2026-04-09 14:06:13] Connection count: 1
[2026-04-09 14:06:13] Video frame #101: 1920x1080, pitch=3840, FourCC=0x59565955
[2026-04-09 14:06:13] Connection count: 1
[2026-04-09 14:06:13] Video frame #102: 1920x1080, pitch=3840, FourCC=0x59565955
[2026-04-09 14:06:13] Connection count: 1
[2026-04-09 14:06:13] Video frame #103: 1920x1080, pitch=3840, FourCC=0x59565955
[2026-04-09 14:06:13] Connection count: 1
[2026-04-09 14:06:13] Video frame #104: 1920x1080, pitch=3840, FourCC=0x59565955
[2026-04-09 14:06:13] Connection count: 1
[2026-04-09 14:06:13] Video frame #105: 1920x1080, pitch=3840, FourCC=0x59565955
[2026-04-09 14:06:13] Connection count: 1
[2026-04-09 14:06:13] Video frame #106: 1920x1080, pitch=3840, FourCC=0x59565955
[2026-04-09 14:06:13] Connection count: 1
[2026-04-09 14:06:13] Video frame #107: 1920x1080, pitch=3840, FourCC=0x59565955
[2026-04-09 14:06:13] Connection count: 1
[2026-04-09 14:06:13] Video frame #108: 1920x1080, pitch=3840, FourCC=0x59565955
[2026-04-09 14:06:13] Connection count: 1
[2026-04-09 14:06:13] Video frame #109: 1920x1080, pitch=3840, FourCC=0x59565955
[2026-04-09 14:06:13] Connection count: 1
[2026-04-09 14:06:13] Video frame #110: 1920x1080, pitch=3840, FourCC=0x59565955
[2026-04-09 14:06:13] Connection count: 1
[2026-04-09 14:06:13] Video frame #111: 1920x1080, pitch=3840, FourCC=0x59565955
[2026-04-09 14:06:13] Connection count: 1
[2026-04-09 14:06:13] Video frame #112: 1920x1080, pitch=3840, FourCC=0x59565955
[2026-04-09 14:06:13] Connection count: 1
[2026-04-09 14:06:13] Video frame #113: 1920x1080, pitch=3840, FourCC=0x59565955
[2026-04-09 14:06:13] Connection count: 1
[2026-04-09 14:06:13] Video frame #114: 1920x1080, pitch=3840, FourCC=0x59565955
[2026-04-09 14:06:13] Connection count: 1
[2026-04-09 14:06:13] Video frame #115: 1920x1080, pitch=3840, FourCC=0x59565955
[2026-04-09 14:06:13] Connection count: 1
[2026-04-09 14:06:13] Video frame #116: 1920x1080, pitch=3840, FourCC=0x59565955
[2026-04-09 14:06:13] Connection count: 1
[2026-04-09 14:06:13] Video frame #117: 1920x1080, pitch=3840, FourCC=0x59565955
[2026-04-09 14:06:13] Connection count: 1
[2026-04-09 14:06:13] Video frame #118: 1920x1080, pitch=3840, FourCC=0x59565955
[2026-04-09 14:06:13] Connection count: 1
[2026-04-09 14:06:13] Video frame #119: 1920x1080, pitch=3840, FourCC=0x59565955
[2026-04-09 14:06:13] Connection count: 1
[2026-04-09 14:06:13] Video frame #120: 1920x1080, pitch=3840, FourCC=0x59565955
[2026-04-09 14:06:13] Connection count: 1
[2026-04-09 14:06:13] Video frame #121: 1920x1080, pitch=3840, FourCC=0x59565955
[2026-04-09 14:06:13] Connection count: 1
[2026-04-09 14:06:13] Video frame #122: 1920x1080, pitch=3840, FourCC=0x59565955
[2026-04-09 14:06:13] Connection count: 1
[2026-04-09 14:06:13] Video frame #123: 1920x1080, pitch=3840, FourCC=0x59565955
[2026-04-09 14:06:13] Connection count: 1
[2026-04-09 14:06:13] Video frame #124: 1920x1080, pitch=3840, FourCC=0x59565955
[2026-04-09 14:06:13] Connection count: 1
[2026-04-09 14:06:13] Video frame #125: 1920x1080, pitch=3840, FourCC=0x59565955
[2026-04-09 14:06:13] Connection count: 1
[2026-04-09 14:06:14] Video frame #126: 1920x1080, pitch=3840, FourCC=0x59565955
[2026-04-09 14:06:14] Connection count: 1
[2026-04-09 14:06:14] Video frame #127: 1920x1080, pitch=3840, FourCC=0x59565955
[2026-04-09 14:06:14] Connection count: 1
[2026-04-09 14:06:14] Video frame #128: 1920x1080, pitch=3840, FourCC=0x59565955
[2026-04-09 14:06:14] Connection count: 1
[2026-04-09 14:06:14] Video frame #129: 1920x1080, pitch=3840, FourCC=0x59565955
[2026-04-09 14:06:14] Connection count: 1
[2026-04-09 14:06:14] Video frame #130: 1920x1080, pitch=3840, FourCC=0x59565955
[2026-04-09 14:06:14] Connection count: 1
[2026-04-09 14:06:14] Video frame #131: 1920x1080, pitch=3840, FourCC=0x59565955
[2026-04-09 14:06:14] Connection count: 1
[2026-04-09 14:06:14] Video frame #132: 1920x1080, pitch=3840, FourCC=0x59565955
[2026-04-09 14:06:14] Connection count: 1
[2026-04-09 14:06:14] Video frame #133: 1920x1080, pitch=3840, FourCC=0x59565955
[2026-04-09 14:06:14] Connection count: 1
[2026-04-09 14:06:14] Video frame #134: 1920x1080, pitch=3840, FourCC=0x59565955
[2026-04-09 14:06:14] Connection count: 1
[2026-04-09 14:06:14] Video frame #135: 1920x1080, pitch=3840, FourCC=0x59565955
[2026-04-09 14:06:14] Connection count: 1
[2026-04-09 14:06:14] Video frame #136: 1920x1080, pitch=3840, FourCC=0x59565955
[2026-04-09 14:06:14] Connection count: 1
[2026-04-09 14:06:14] Video frame #137: 1920x1080, pitch=3840, FourCC=0x59565955
[2026-04-09 14:06:14] Connection count: 1
[2026-04-09 14:06:14] Video frame #138: 1920x1080, pitch=3840, FourCC=0x59565955
[2026-04-09 14:06:14] Connection count: 1
[2026-04-09 14:06:14] Video frame #139: 1920x1080, pitch=3840, FourCC=0x59565955
[2026-04-09 14:06:14] Connection count: 1
[2026-04-09 14:06:14] Video frame #140: 1920x1080, pitch=3840, FourCC=0x59565955
[2026-04-09 14:06:14] Connection count: 1
[2026-04-09 14:06:14] Video frame #141: 1920x1080, pitch=3840, FourCC=0x59565955
[2026-04-09 14:06:14] Connection count: 1
[2026-04-09 14:06:14] Video frame #142: 1920x1080, pitch=3840, FourCC=0x59565955
[2026-04-09 14:06:14] Connection count: 1
[2026-04-09 14:06:14] Video frame #143: 1920x1080, pitch=3840, FourCC=0x59565955
[2026-04-09 14:06:14] Connection count: 1
[2026-04-09 14:06:14] Video frame #144: 1920x1080, pitch=3840, FourCC=0x59565955
[2026-04-09 14:06:14] Connection count: 1
[2026-04-09 14:06:14] Video frame #145: 1920x1080, pitch=3840, FourCC=0x59565955
[2026-04-09 14:06:14] Connection count: 1
[2026-04-09 14:06:14] Video frame #146: 1920x1080, pitch=3840, FourCC=0x59565955
[2026-04-09 14:06:14] Connection count: 1
[2026-04-09 14:06:14] Video frame #147: 1920x1080, pitch=3840, FourCC=0x59565955
[2026-04-09 14:06:14] Connection count: 1
[2026-04-09 14:06:14] Video frame #148: 1920x1080, pitch=3840, FourCC=0x59565955
[2026-04-09 14:06:14] Connection count: 1
[2026-04-09 14:06:14] Video frame #149: 1920x1080, pitch=3840, FourCC=0x59565955
[2026-04-09 14:06:14] Connection count: 1
[2026-04-09 14:06:14] Video frame #150: 1920x1080, pitch=3840, FourCC=0x59565955
[2026-04-09 14:06:14] Connection count: 1
[2026-04-09 14:06:14] Video frame #151: 1920x1080, pitch=3840, FourCC=0x59565955
[2026-04-09 14:06:14] Connection count: 1
[2026-04-09 14:06:14] Video frame #152: 1920x1080, pitch=3840, FourCC=0x59565955
[2026-04-09 14:06:14] Connection count: 1
[2026-04-09 14:06:14] Video frame #153: 1920x1080, pitch=3840, FourCC=0x59565955
[2026-04-09 14:06:14] Connection count: 1
[2026-04-09 14:06:14] Video frame #154: 1920x1080, pitch=3840, FourCC=0x59565955
[2026-04-09 14:06:14] Connection count: 1
[2026-04-09 14:06:14] Video frame #155: 1920x1080, pitch=3840, FourCC=0x59565955
[2026-04-09 14:06:14] Connection count: 1
[2026-04-09 14:06:15] Video frame #156: 1920x1080, pitch=3840, FourCC=0x59565955
[2026-04-09 14:06:15] Connection count: 1
[2026-04-09 14:06:15] Video frame #157: 1920x1080, pitch=3840, FourCC=0x59565955
[2026-04-09 14:06:15] Connection count: 1
[2026-04-09 14:06:15] Video frame #158: 1920x1080, pitch=3840, FourCC=0x59565955
[2026-04-09 14:06:15] Connection count: 1
[2026-04-09 14:06:15] Video frame #159: 1920x1080, pitch=3840, FourCC=0x59565955
[2026-04-09 14:06:15] Connection count: 1
[2026-04-09 14:06:15] Video frame #160: 1920x1080, pitch=3840, FourCC=0x59565955
[2026-04-09 14:06:15] Connection count: 1
[2026-04-09 14:06:15] Video frame #161: 1920x1080, pitch=3840, FourCC=0x59565955
[2026-04-09 14:06:15] Connection count: 1
[2026-04-09 14:06:15] Video frame #162: 1920x1080, pitch=3840, FourCC=0x59565955
[2026-04-09 14:06:15] Connection count: 1
[2026-04-09 14:06:15] Video frame #163: 1920x1080, pitch=3840, FourCC=0x59565955
[2026-04-09 14:06:15] Connection count: 1
[2026-04-09 14:06:15] Video frame #164: 1920x1080, pitch=3840, FourCC=0x59565955
[2026-04-09 14:06:15] Connection count: 1
[2026-04-09 14:06:15] Video frame #165: 1920x1080, pitch=3840, FourCC=0x59565955
[2026-04-09 14:06:15] Connection count: 1
[2026-04-09 14:06:15] Video frame #166: 1920x1080, pitch=3840, FourCC=0x59565955
[2026-04-09 14:06:15] Connection count: 1
[2026-04-09 14:06:15] Video frame #167: 1920x1080, pitch=3840, FourCC=0x59565955
[2026-04-09 14:06:15] Connection count: 1
[2026-04-09 14:06:15] Video frame #168: 1920x1080, pitch=3840, FourCC=0x59565955
[2026-04-09 14:06:15] Connection count: 1
[2026-04-09 14:06:15] Video frame #169: 1920x1080, pitch=3840, FourCC=0x59565955
[2026-04-09 14:06:15] Connection count: 1
[2026-04-09 14:06:15] Video frame #170: 1920x1080, pitch=3840, FourCC=0x59565955
[2026-04-09 14:06:15] Connection count: 1
[2026-04-09 14:06:15] Video frame #171: 1920x1080, pitch=3840, FourCC=0x59565955
[2026-04-09 14:06:15] Connection count: 1
[2026-04-09 14:06:15] Video frame #172: 1920x1080, pitch=3840, FourCC=0x59565955
[2026-04-09 14:06:15] Connection count: 1
[2026-04-09 14:06:15] Video frame #173: 1920x1080, pitch=3840, FourCC=0x59565955
[2026-04-09 14:06:15] Connection count: 1
[2026-04-09 14:06:15] Video frame #174: 1920x1080, pitch=3840, FourCC=0x59565955
[2026-04-09 14:06:15] Connection count: 1
[2026-04-09 14:06:15] Video frame #175: 1920x1080, pitch=3840, FourCC=0x59565955
[2026-04-09 14:06:15] Connection count: 1
[2026-04-09 14:06:15] Video frame #176: 1920x1080, pitch=3840, FourCC=0x59565955
[2026-04-09 14:06:15] Connection count: 1
[2026-04-09 14:06:15] Video frame #177: 1920x1080, pitch=3840, FourCC=0x59565955
[2026-04-09 14:06:15] Connection count: 1
[2026-04-09 14:06:15] Video frame #178: 1920x1080, pitch=3840, FourCC=0x59565955
[2026-04-09 14:06:15] Connection count: 1
[2026-04-09 14:06:15] Video frame #179: 1920x1080, pitch=3840, FourCC=0x59565955
[2026-04-09 14:06:15] Connection count: 1
[2026-04-09 14:06:15] Video frame #180: 1920x1080, pitch=3840, FourCC=0x59565955
[2026-04-09 14:06:15] Connection count: 1
[2026-04-09 14:06:15] Video frame #181: 1920x1080, pitch=3840, FourCC=0x59565955
[2026-04-09 14:06:15] Connection count: 1
[2026-04-09 14:06:15] Video frame #182: 1920x1080, pitch=3840, FourCC=0x59565955
[2026-04-09 14:06:15] Connection count: 1
[2026-04-09 14:06:15] Video frame #183: 1920x1080, pitch=3840, FourCC=0x59565955
[2026-04-09 14:06:15] Connection count: 1
[2026-04-09 14:06:15] Video frame #184: 1920x1080, pitch=3840, FourCC=0x59565955
[2026-04-09 14:06:15] Connection count: 1
[2026-04-09 14:06:15] Video frame #185: 1920x1080, pitch=3840, FourCC=0x59565955
[2026-04-09 14:06:15] Connection count: 1
[2026-04-09 14:06:16] Video frame #186: 1920x1080, pitch=3840, FourCC=0x59565955
[2026-04-09 14:06:16] Connection count: 1
[2026-04-09 14:06:16] Video frame #187: 1920x1080, pitch=3840, FourCC=0x59565955
[2026-04-09 14:06:16] Connection count: 1
[2026-04-09 14:06:16] Video frame #188: 1920x1080, pitch=3840, FourCC=0x59565955
[2026-04-09 14:06:16] Connection count: 1
[2026-04-09 14:06:16] Video frame #189: 1920x1080, pitch=3840, FourCC=0x59565955
[2026-04-09 14:06:16] Connection count: 1
[2026-04-09 14:06:16] Video frame #190: 1920x1080, pitch=3840, FourCC=0x59565955
[2026-04-09 14:06:16] Connection count: 1
[2026-04-09 14:06:16] Video frame #191: 1920x1080, pitch=3840, FourCC=0x59565955
[2026-04-09 14:06:16] Connection count: 1
[2026-04-09 14:06:16] Video frame #192: 1920x1080, pitch=3840, FourCC=0x59565955
[2026-04-09 14:06:16] Connection count: 1
[2026-04-09 14:06:16] Video frame #193: 1920x1080, pitch=3840, FourCC=0x59565955
[2026-04-09 14:06:16] Connection count: 1
[2026-04-09 14:06:16] Video frame #194: 1920x1080, pitch=3840, FourCC=0x59565955
[2026-04-09 14:06:16] Connection count: 1
[2026-04-09 14:06:16] Video frame #195: 1920x1080, pitch=3840, FourCC=0x59565955
[2026-04-09 14:06:16] Connection count: 1
[2026-04-09 14:06:16] Video frame #196: 1920x1080, pitch=3840, FourCC=0x59565955
[2026-04-09 14:06:16] Connection count: 1
[2026-04-09 14:06:16] Video frame #197: 1920x1080, pitch=3840, FourCC=0x59565955
[2026-04-09 14:06:16] Connection count: 1
[2026-04-09 14:06:16] Video frame #198: 1920x1080, pitch=3840, FourCC=0x59565955
[2026-04-09 14:06:16] Connection count: 1
[2026-04-09 14:06:16] Video frame #199: 1920x1080, pitch=3840, FourCC=0x59565955
[2026-04-09 14:06:16] Connection count: 1
[2026-04-09 14:06:16] Video frame #200: 1920x1080, pitch=3840, FourCC=0x59565955
[2026-04-09 14:06:16] Connection count: 1
[2026-04-09 14:06:16] Queue depth: video=0, audio=0
[2026-04-09 14:06:16] Video frame #201: 1920x1080, pitch=3840, FourCC=0x59565955
[2026-04-09 14:06:16] Connection count: 1
[2026-04-09 14:06:16] Video frame #202: 1920x1080, pitch=3840, FourCC=0x59565955
[2026-04-09 14:06:16] Connection count: 1
[2026-04-09 14:06:16] Video frame #203: 1920x1080, pitch=3840, FourCC=0x59565955
[2026-04-09 14:06:16] Connection count: 1
[2026-04-09 14:06:16] Video frame #204: 1920x1080, pitch=3840, FourCC=0x59565955
[2026-04-09 14:06:16] Connection count: 1
[2026-04-09 14:06:16] Video frame #205: 1920x1080, pitch=3840, FourCC=0x59565955
[2026-04-09 14:06:16] Connection count: 1
[2026-04-09 14:06:16] Video frame #206: 1920x1080, pitch=3840, FourCC=0x59565955
[2026-04-09 14:06:16] Connection count: 1
[2026-04-09 14:06:16] Video frame #207: 1920x1080, pitch=3840, FourCC=0x59565955
[2026-04-09 14:06:16] Connection count: 1
[2026-04-09 14:06:16] Video frame #208: 1920x1080, pitch=3840, FourCC=0x59565955
[2026-04-09 14:06:16] Connection count: 1
[2026-04-09 14:06:16] Video frame #209: 1920x1080, pitch=3840, FourCC=0x59565955
[2026-04-09 14:06:16] Connection count: 1
[2026-04-09 14:06:16] Video frame #210: 1920x1080, pitch=3840, FourCC=0x59565955
[2026-04-09 14:06:16] Connection count: 1
[2026-04-09 14:06:16] Video frame #211: 1920x1080, pitch=3840, FourCC=0x59565955
[2026-04-09 14:06:16] Connection count: 1
[2026-04-09 14:06:16] Video frame #212: 1920x1080, pitch=3840, FourCC=0x59565955
[2026-04-09 14:06:16] Connection count: 1
[2026-04-09 14:06:16] Video frame #213: 1920x1080, pitch=3840, FourCC=0x59565955
[2026-04-09 14:06:16] Connection count: 1
[2026-04-09 14:06:16] Video frame #214: 1920x1080, pitch=3840, FourCC=0x59565955
[2026-04-09 14:06:16] Connection count: 1
[2026-04-09 14:06:16] Video frame #215: 1920x1080, pitch=3840, FourCC=0x59565955
[2026-04-09 14:06:16] Connection count: 1
[2026-04-09 14:06:17] Video frame #216: 1920x1080, pitch=3840, FourCC=0x59565955
[2026-04-09 14:06:17] Connection count: 1
[2026-04-09 14:06:17] Video frame #217: 1920x1080, pitch=3840, FourCC=0x59565955
[2026-04-09 14:06:17] Connection count: 1
[2026-04-09 14:06:17] Video frame #218: 1920x1080, pitch=3840, FourCC=0x59565955
[2026-04-09 14:06:17] Connection count: 1
[2026-04-09 14:06:17] Video frame #219: 1920x1080, pitch=3840, FourCC=0x59565955
[2026-04-09 14:06:17] Connection count: 1
[2026-04-09 14:06:17] Video frame #220: 1920x1080, pitch=3840, FourCC=0x59565955
[2026-04-09 14:06:17] Connection count: 1
[2026-04-09 14:06:17] Video frame #221: 1920x1080, pitch=3840, FourCC=0x59565955
[2026-04-09 14:06:17] Connection count: 1
[2026-04-09 14:06:17] Video frame #222: 1920x1080, pitch=3840, FourCC=0x59565955
[2026-04-09 14:06:17] Connection count: 1
[2026-04-09 14:06:17] Video frame #223: 1920x1080, pitch=3840, FourCC=0x59565955
[2026-04-09 14:06:17] Connection count: 1
[2026-04-09 14:06:17] Video frame #224: 1920x1080, pitch=3840, FourCC=0x59565955
[2026-04-09 14:06:17] Connection count: 1
[2026-04-09 14:06:17] Video frame #225: 1920x1080, pitch=3840, FourCC=0x59565955
[2026-04-09 14:06:17] Connection count: 1
[2026-04-09 14:06:17] Video frame #226: 1920x1080, pitch=3840, FourCC=0x59565955
[2026-04-09 14:06:17] Connection count: 1
[2026-04-09 14:06:17] Video frame #227: 1920x1080, pitch=3840, FourCC=0x59565955
[2026-04-09 14:06:17] Connection count: 1
[2026-04-09 14:06:17] Video frame #228: 1920x1080, pitch=3840, FourCC=0x59565955
[2026-04-09 14:06:17] Connection count: 1
[2026-04-09 14:06:17] Video frame #229: 1920x1080, pitch=3840, FourCC=0x59565955
[2026-04-09 14:06:17] Connection count: 1
[2026-04-09 14:06:17] Video frame #230: 1920x1080, pitch=3840, FourCC=0x59565955
[2026-04-09 14:06:17] Connection count: 1
[2026-04-09 14:06:17] Video frame #231: 1920x1080, pitch=3840, FourCC=0x59565955
[2026-04-09 14:06:17] Connection count: 1
[2026-04-09 14:06:17] Video frame #232: 1920x1080, pitch=3840, FourCC=0x59565955
[2026-04-09 14:06:17] === Application shutting down ===
[2026-04-09 14:06:21] === Application started ===
[2026-04-09 14:06:28] Creating receiver: color_format=fastest, bandwidth=highest, allow_video_fields=true
[2026-04-09 14:06:28] Waiting for connection...
[2026-04-09 14:06:28] Connection established (waited 100ms)
[2026-04-09 14:06:28] Entering receive loop
[2026-04-09 14:06:28] Connection count: 1
[2026-04-09 14:06:28] Timeout waiting for frames (video=0, audio=0)...
[2026-04-09 14:06:28] Connection count: 1
[2026-04-09 14:06:28] Metadata: <ndi_tally_echo on_program="false" on_preview="true"/>
[2026-04-09 14:06:28] Connection count: 1
[2026-04-09 14:06:29] Connection count: 1
[2026-04-09 14:06:30] Connection count: 1
[2026-04-09 14:06:35] Timeout waiting for frames (video=0, audio=3)...
[2026-04-09 14:06:40] === Application shutting down ===
[2026-04-09 14:16:59] === Application started ===
[2026-04-09 14:17:08] Creating receiver: color_format=BGRX_BGRA, bandwidth=highest
[2026-04-09 14:17:08] Waiting for connection...
[2026-04-09 14:17:09] Connection established (waited 100ms)
[2026-04-09 14:17:09] Entering receive loop
[2026-04-09 14:17:09] Connection count: 1
[2026-04-09 14:17:09] Timeout waiting for frames (video=0, audio=0)...
[2026-04-09 14:17:09] Metadata: <ndi_tally_echo on_program="false" on_preview="true"/>
[2026-04-09 14:17:14] Connection lost: no frames for 15s (video=0, audio=0)
[2026-04-09 14:17:14] Creating receiver: color_format=BGRX_BGRA, bandwidth=highest
[2026-04-09 14:17:14] Waiting for connection...
[2026-04-09 14:17:14] Connection established (waited 400ms)
[2026-04-09 14:17:14] Entering receive loop
[2026-04-09 14:17:14] Connection count: 1
[2026-04-09 14:17:14] Timeout waiting for frames (video=0, audio=0)...
[2026-04-09 14:17:14] Metadata: <ndi_tally_echo on_program="false" on_preview="true"/>
[2026-04-09 14:17:19] Connection lost: no frames for 15s (video=0, audio=0)
[2026-04-09 14:17:19] Creating receiver: color_format=BGRX_BGRA, bandwidth=highest
[2026-04-09 14:17:19] Waiting for connection...
[2026-04-09 14:17:21] Connection established (waited 1500ms)
[2026-04-09 14:17:21] Entering receive loop
[2026-04-09 14:17:21] Connection count: 1
[2026-04-09 14:17:21] Timeout waiting for frames (video=0, audio=0)...
[2026-04-09 14:17:21] Metadata: <ndi_tally_echo on_program="false" on_preview="true"/>
[2026-04-09 14:17:26] Connection lost: no frames for 15s (video=0, audio=0)
[2026-04-09 14:17:26] Creating receiver: color_format=BGRX_BGRA, bandwidth=highest
[2026-04-09 14:17:26] Waiting for connection...
[2026-04-09 14:17:26] Connection established (waited 100ms)
[2026-04-09 14:17:26] Entering receive loop
[2026-04-09 14:17:26] Connection count: 1
[2026-04-09 14:17:26] Timeout waiting for frames (video=0, audio=0)...
[2026-04-09 14:17:26] Metadata: <ndi_tally_echo on_program="false" on_preview="true"/>
[2026-04-09 14:17:31] Connection lost: no frames for 15s (video=0, audio=0)
[2026-04-09 14:17:31] === Application shutting down ===
[2026-04-09 14:17:36] === Application started ===
[2026-04-09 14:17:41] Creating receiver: color_format=BGRX_BGRA, bandwidth=highest
[2026-04-09 14:17:41] Waiting for connection...
[2026-04-09 14:17:41] Connection established (waited 100ms)
[2026-04-09 14:17:41] Entering receive loop
[2026-04-09 14:17:41] Connection count: 1
[2026-04-09 14:17:41] Timeout waiting for frames (video=0, audio=0)...
[2026-04-09 14:17:41] Video frame #1: 1920x1080, pitch=7680, FourCC=0x58524742
[2026-04-09 14:17:41] Connection count: 1
[2026-04-09 14:17:41] Connection count: 1
[2026-04-09 14:17:41] Connection count: 1
[2026-04-09 14:17:41] Video frame #2: 1920x1080, pitch=7680, FourCC=0x58524742
[2026-04-09 14:17:41] Connection count: 1
[2026-04-09 14:17:41] Connection count: 1
[2026-04-09 14:17:41] Video frame #3: 1920x1080, pitch=7680, FourCC=0x58524742
[2026-04-09 14:17:41] Connection count: 1
[2026-04-09 14:17:41] Connection count: 1
[2026-04-09 14:17:41] Connection count: 1
[2026-04-09 14:17:41] Connection count: 1
[2026-04-09 14:17:41] Video frame #4: 1920x1080, pitch=7680, FourCC=0x58524742
[2026-04-09 14:17:41] Connection count: 1
[2026-04-09 14:17:41] Connection count: 1
[2026-04-09 14:17:41] Video frame #5: 1920x1080, pitch=7680, FourCC=0x58524742
[2026-04-09 14:17:41] Connection count: 1
[2026-04-09 14:17:41] Connection count: 1
[2026-04-09 14:17:41] Connection count: 1
[2026-04-09 14:17:41] Video frame #6: 1920x1080, pitch=7680, FourCC=0x58524742
[2026-04-09 14:17:41] Connection count: 1
[2026-04-09 14:17:41] Connection count: 1
[2026-04-09 14:17:41] Connection count: 1
[2026-04-09 14:17:41] Video frame #7: 1920x1080, pitch=7680, FourCC=0x58524742
[2026-04-09 14:17:42] Connection count: 1
[2026-04-09 14:17:42] Connection count: 1
[2026-04-09 14:17:42] Video frame #8: 1920x1080, pitch=7680, FourCC=0x58524742
[2026-04-09 14:17:42] Connection count: 1
[2026-04-09 14:17:42] Connection count: 1
[2026-04-09 14:17:42] Video frame #9: 1920x1080, pitch=7680, FourCC=0x58524742
[2026-04-09 14:17:42] Connection count: 1
[2026-04-09 14:17:42] Connection count: 1
[2026-04-09 14:17:42] Connection count: 1
[2026-04-09 14:17:42] Video frame #10: 1920x1080, pitch=7680, FourCC=0x58524742
[2026-04-09 14:17:42] Connection count: 1
[2026-04-09 14:17:42] Connection count: 1
[2026-04-09 14:17:42] Connection count: 1
[2026-04-09 14:17:42] Video frame #11: 1920x1080, pitch=7680, FourCC=0x58524742
[2026-04-09 14:17:42] Connection count: 1
[2026-04-09 14:17:42] Connection count: 1
[2026-04-09 14:17:42] Video frame #12: 1920x1080, pitch=7680, FourCC=0x58524742
[2026-04-09 14:17:42] Connection count: 1
[2026-04-09 14:17:42] Connection count: 1
[2026-04-09 14:17:42] Connection count: 1
[2026-04-09 14:17:42] Video frame #13: 1920x1080, pitch=7680, FourCC=0x58524742
[2026-04-09 14:17:42] Connection count: 1
[2026-04-09 14:17:42] Connection count: 1
[2026-04-09 14:17:42] Video frame #14: 1920x1080, pitch=7680, FourCC=0x58524742
[2026-04-09 14:17:42] Connection count: 1
[2026-04-09 14:17:42] Connection count: 1
[2026-04-09 14:17:42] Connection count: 1
[2026-04-09 14:17:42] Video frame #15: 1920x1080, pitch=7680, FourCC=0x58524742
[2026-04-09 14:17:42] Connection count: 1
[2026-04-09 14:17:42] Connection count: 1
[2026-04-09 14:17:42] Connection count: 1
[2026-04-09 14:17:42] Video frame #16: 1920x1080, pitch=7680, FourCC=0x58524742
[2026-04-09 14:17:42] Connection count: 1
[2026-04-09 14:17:42] Connection count: 1
[2026-04-09 14:17:42] Video frame #17: 1920x1080, pitch=7680, FourCC=0x58524742
[2026-04-09 14:17:42] Connection count: 1
[2026-04-09 14:17:42] Connection count: 1
[2026-04-09 14:17:42] Connection count: 1
[2026-04-09 14:17:42] Video frame #18: 1920x1080, pitch=7680, FourCC=0x58524742
[2026-04-09 14:17:42] Connection count: 1
[2026-04-09 14:17:42] Connection count: 1
[2026-04-09 14:17:42] Video frame #19: 1920x1080, pitch=7680, FourCC=0x58524742
[2026-04-09 14:17:42] Connection count: 1
[2026-04-09 14:17:42] Connection count: 1
[2026-04-09 14:17:42] Connection count: 1
[2026-04-09 14:17:42] Video frame #20: 1920x1080, pitch=7680, FourCC=0x58524742
[2026-04-09 14:17:42] Connection count: 1
[2026-04-09 14:17:42] Connection count: 1
[2026-04-09 14:17:42] Video frame #21: 1920x1080, pitch=7680, FourCC=0x58524742
[2026-04-09 14:17:42] Connection count: 1
[2026-04-09 14:17:42] Connection count: 1
[2026-04-09 14:17:42] Connection count: 1
[2026-04-09 14:17:42] Connection count: 1
[2026-04-09 14:17:42] Connection count: 1
[2026-04-09 14:17:42] Video frame #22: 1920x1080, pitch=7680, FourCC=0x58524742
[2026-04-09 14:17:42] Connection count: 1
[2026-04-09 14:17:42] Video frame #23: 1920x1080, pitch=7680, FourCC=0x58524742
[2026-04-09 14:17:42] Connection count: 1
[2026-04-09 14:17:42] Video frame #24: 1920x1080, pitch=7680, FourCC=0x58524742
[2026-04-09 14:17:42] Connection count: 1
[2026-04-09 14:17:42] Connection count: 1
[2026-04-09 14:17:42] Connection count: 1
[2026-04-09 14:17:42] Connection count: 1
[2026-04-09 14:17:42] Video frame #25: 1920x1080, pitch=7680, FourCC=0x58524742
[2026-04-09 14:17:42] Connection count: 1
[2026-04-09 14:17:42] Connection count: 1
[2026-04-09 14:17:42] Video frame #26: 1920x1080, pitch=7680, FourCC=0x58524742
[2026-04-09 14:17:42] Connection count: 1
[2026-04-09 14:17:42] Connection count: 1
[2026-04-09 14:17:42] Connection count: 1
[2026-04-09 14:17:42] Video frame #27: 1920x1080, pitch=7680, FourCC=0x58524742
[2026-04-09 14:17:42] Connection count: 1
[2026-04-09 14:17:42] Connection count: 1
[2026-04-09 14:17:42] Video frame #28: 1920x1080, pitch=7680, FourCC=0x58524742
[2026-04-09 14:17:42] Connection count: 1
[2026-04-09 14:17:42] Connection count: 1
[2026-04-09 14:17:42] Connection count: 1
[2026-04-09 14:17:42] Video frame #29: 1920x1080, pitch=7680, FourCC=0x58524742
[2026-04-09 14:17:42] Connection count: 1
[2026-04-09 14:17:42] Video frame #30: 1920x1080, pitch=7680, FourCC=0x58524742
[2026-04-09 14:17:42] Connection count: 1
[2026-04-09 14:17:42] Connection count: 1
[2026-04-09 14:17:42] Connection count: 1
[2026-04-09 14:17:42] Connection count: 1
[2026-04-09 14:17:42] Video frame #31: 1920x1080, pitch=7680, FourCC=0x58524742
[2026-04-09 14:17:42] Connection count: 1
[2026-04-09 14:17:42] Connection count: 1
[2026-04-09 14:17:42] Connection count: 1
[2026-04-09 14:17:42] Video frame #32: 1920x1080, pitch=7680, FourCC=0x58524742
[2026-04-09 14:17:42] Connection count: 1
[2026-04-09 14:17:42] Connection count: 1
[2026-04-09 14:17:42] Video frame #33: 1920x1080, pitch=7680, FourCC=0x58524742
[2026-04-09 14:17:42] Connection count: 1
[2026-04-09 14:17:42] Connection count: 1
[2026-04-09 14:17:42] Connection count: 1
[2026-04-09 14:17:42] Video frame #34: 1920x1080, pitch=7680, FourCC=0x58524742
[2026-04-09 14:17:42] Connection count: 1
[2026-04-09 14:17:42] Connection count: 1
[2026-04-09 14:17:42] Video frame #35: 1920x1080, pitch=7680, FourCC=0x58524742
[2026-04-09 14:17:42] Connection count: 1
[2026-04-09 14:17:42] Connection count: 1
[2026-04-09 14:17:42] Connection count: 1
[2026-04-09 14:17:42] Video frame #36: 1920x1080, pitch=7680, FourCC=0x58524742
[2026-04-09 14:17:42] Connection count: 1
[2026-04-09 14:17:43] Connection count: 1
[2026-04-09 14:17:43] Video frame #37: 1920x1080, pitch=7680, FourCC=0x58524742
[2026-04-09 14:17:43] Connection count: 1
[2026-04-09 14:17:43] Connection count: 1
[2026-04-09 14:17:43] Connection count: 1
[2026-04-09 14:17:43] Video frame #38: 1920x1080, pitch=7680, FourCC=0x58524742
[2026-04-09 14:17:43] Connection count: 1
[2026-04-09 14:17:43] Connection count: 1
[2026-04-09 14:17:43] Connection count: 1
[2026-04-09 14:17:43] Video frame #39: 1920x1080, pitch=7680, FourCC=0x58524742
[2026-04-09 14:17:43] Connection count: 1
[2026-04-09 14:17:43] Connection count: 1
[2026-04-09 14:17:43] Video frame #40: 1920x1080, pitch=7680, FourCC=0x58524742
[2026-04-09 14:17:43] Connection count: 1
[2026-04-09 14:17:43] Connection count: 1
[2026-04-09 14:17:43] Connection count: 1
[2026-04-09 14:17:43] Video frame #41: 1920x1080, pitch=7680, FourCC=0x58524742
[2026-04-09 14:17:43] Connection count: 1
[2026-04-09 14:17:43] Connection count: 1
[2026-04-09 14:17:43] Video frame #42: 1920x1080, pitch=7680, FourCC=0x58524742
[2026-04-09 14:17:43] Connection count: 1
[2026-04-09 14:17:43] Connection count: 1
[2026-04-09 14:17:43] Connection count: 1
[2026-04-09 14:17:43] Video frame #43: 1920x1080, pitch=7680, FourCC=0x58524742
[2026-04-09 14:17:43] Connection count: 1
[2026-04-09 14:17:43] Connection count: 1
[2026-04-09 14:17:43] Video frame #44: 1920x1080, pitch=7680, FourCC=0x58524742
[2026-04-09 14:17:43] Connection count: 1
[2026-04-09 14:17:43] Connection count: 1
[2026-04-09 14:17:43] Connection count: 1
[2026-04-09 14:17:43] Video frame #45: 1920x1080, pitch=7680, FourCC=0x58524742
[2026-04-09 14:17:43] Connection count: 1
[2026-04-09 14:17:43] Connection count: 1
[2026-04-09 14:17:43] Video frame #46: 1920x1080, pitch=7680, FourCC=0x58524742
[2026-04-09 14:17:43] Connection count: 1
[2026-04-09 14:17:43] Connection count: 1
[2026-04-09 14:17:43] Connection count: 1
[2026-04-09 14:17:43] Video frame #47: 1920x1080, pitch=7680, FourCC=0x58524742
[2026-04-09 14:17:43] Connection count: 1
[2026-04-09 14:17:43] Connection count: 1
[2026-04-09 14:17:43] Connection count: 1
[2026-04-09 14:17:43] Video frame #48: 1920x1080, pitch=7680, FourCC=0x58524742
[2026-04-09 14:17:43] Connection count: 1
[2026-04-09 14:17:43] Connection count: 1
[2026-04-09 14:17:43] Video frame #49: 1920x1080, pitch=7680, FourCC=0x58524742
[2026-04-09 14:17:43] Connection count: 1
[2026-04-09 14:17:43] Connection count: 1
[2026-04-09 14:17:43] Connection count: 1
[2026-04-09 14:17:43] Video frame #50: 1920x1080, pitch=7680, FourCC=0x58524742
[2026-04-09 14:17:43] Connection count: 1
[2026-04-09 14:17:43] Connection count: 1
[2026-04-09 14:17:43] Video frame #51: 1920x1080, pitch=7680, FourCC=0x58524742
[2026-04-09 14:17:43] Connection count: 1
[2026-04-09 14:17:43] Connection count: 1
[2026-04-09 14:17:43] Connection count: 1
[2026-04-09 14:17:43] Video frame #52: 1920x1080, pitch=7680, FourCC=0x58524742
[2026-04-09 14:17:43] Connection count: 1
[2026-04-09 14:17:43] Connection count: 1
[2026-04-09 14:17:43] Video frame #53: 1920x1080, pitch=7680, FourCC=0x58524742
[2026-04-09 14:17:43] Connection count: 1
[2026-04-09 14:17:43] Connection count: 1
[2026-04-09 14:17:43] Connection count: 1
[2026-04-09 14:17:43] Video frame #54: 1920x1080, pitch=7680, FourCC=0x58524742
[2026-04-09 14:17:43] Connection count: 1
[2026-04-09 14:17:43] Connection count: 1
[2026-04-09 14:17:43] Video frame #55: 1920x1080, pitch=7680, FourCC=0x58524742
[2026-04-09 14:17:43] Connection count: 1
[2026-04-09 14:17:43] Connection count: 1
[2026-04-09 14:17:43] Connection count: 1
[2026-04-09 14:17:43] Video frame #56: 1920x1080, pitch=7680, FourCC=0x58524742
[2026-04-09 14:17:43] Connection count: 1
[2026-04-09 14:17:43] Connection count: 1
[2026-04-09 14:17:43] Connection count: 1
[2026-04-09 14:17:43] Video frame #57: 1920x1080, pitch=7680, FourCC=0x58524742
[2026-04-09 14:17:43] Connection count: 1
[2026-04-09 14:17:43] Connection count: 1
[2026-04-09 14:17:43] Video frame #58: 1920x1080, pitch=7680, FourCC=0x58524742
[2026-04-09 14:17:43] Connection count: 1
[2026-04-09 14:17:43] Connection count: 1
[2026-04-09 14:17:43] Connection count: 1
[2026-04-09 14:17:43] Video frame #59: 1920x1080, pitch=7680, FourCC=0x58524742
[2026-04-09 14:17:43] Connection count: 1
[2026-04-09 14:17:43] Connection count: 1
[2026-04-09 14:17:43] Video frame #60: 1920x1080, pitch=7680, FourCC=0x58524742
[2026-04-09 14:17:43] Connection count: 1
[2026-04-09 14:17:43] Connection count: 1
[2026-04-09 14:17:43] Connection count: 1
[2026-04-09 14:17:43] Video frame #61: 1920x1080, pitch=7680, FourCC=0x58524742
[2026-04-09 14:17:43] Connection count: 1
[2026-04-09 14:17:43] Connection count: 1
[2026-04-09 14:17:43] Connection count: 1
[2026-04-09 14:17:43] Video frame #62: 1920x1080, pitch=7680, FourCC=0x58524742
[2026-04-09 14:17:43] Connection count: 1
[2026-04-09 14:17:43] Connection count: 1
[2026-04-09 14:17:43] Video frame #63: 1920x1080, pitch=7680, FourCC=0x58524742
[2026-04-09 14:17:43] Connection count: 1
[2026-04-09 14:17:43] Connection count: 1
[2026-04-09 14:17:43] Connection count: 1
[2026-04-09 14:17:43] Video frame #64: 1920x1080, pitch=7680, FourCC=0x58524742
[2026-04-09 14:17:43] Connection count: 1
[2026-04-09 14:17:43] Connection count: 1
[2026-04-09 14:17:43] Video frame #65: 1920x1080, pitch=7680, FourCC=0x58524742
[2026-04-09 14:17:43] Connection count: 1
[2026-04-09 14:17:43] Connection count: 1
[2026-04-09 14:17:44] Connection count: 1
[2026-04-09 14:17:44] Video frame #66: 1920x1080, pitch=7680, FourCC=0x58524742
[2026-04-09 14:17:44] Connection count: 1
[2026-04-09 14:17:44] Connection count: 1
[2026-04-09 14:17:44] Video frame #67: 1920x1080, pitch=7680, FourCC=0x58524742
[2026-04-09 14:17:44] Connection count: 1
[2026-04-09 14:17:44] Connection count: 1
[2026-04-09 14:17:44] Connection count: 1
[2026-04-09 14:17:44] Video frame #68: 1920x1080, pitch=7680, FourCC=0x58524742
[2026-04-09 14:17:44] Connection count: 1
[2026-04-09 14:17:44] Connection count: 1
[2026-04-09 14:17:44] Video frame #69: 1920x1080, pitch=7680, FourCC=0x58524742
[2026-04-09 14:17:44] Connection count: 1
[2026-04-09 14:17:44] Connection count: 1
[2026-04-09 14:17:44] Connection count: 1
[2026-04-09 14:17:44] Video frame #70: 1920x1080, pitch=7680, FourCC=0x58524742
[2026-04-09 14:17:44] Connection count: 1
[2026-04-09 14:17:44] Connection count: 1
[2026-04-09 14:17:44] Video frame #71: 1920x1080, pitch=7680, FourCC=0x58524742
[2026-04-09 14:17:44] Connection count: 1
[2026-04-09 14:17:44] Connection count: 1
[2026-04-09 14:17:44] Connection count: 1
[2026-04-09 14:17:44] Video frame #72: 1920x1080, pitch=7680, FourCC=0x58524742
[2026-04-09 14:17:44] Connection count: 1
[2026-04-09 14:17:44] Connection count: 1
[2026-04-09 14:17:44] Connection count: 1
[2026-04-09 14:17:44] Video frame #73: 1920x1080, pitch=7680, FourCC=0x58524742
[2026-04-09 14:17:44] Connection count: 1
[2026-04-09 14:17:44] Connection count: 1
[2026-04-09 14:17:44] Video frame #74: 1920x1080, pitch=7680, FourCC=0x58524742
[2026-04-09 14:17:44] Connection count: 1
[2026-04-09 14:17:44] Connection count: 1
[2026-04-09 14:17:44] Connection count: 1
[2026-04-09 14:17:44] Video frame #75: 1920x1080, pitch=7680, FourCC=0x58524742
[2026-04-09 14:17:44] Connection count: 1
[2026-04-09 14:17:44] Connection count: 1
[2026-04-09 14:17:44] Video frame #76: 1920x1080, pitch=7680, FourCC=0x58524742
[2026-04-09 14:17:44] Connection count: 1
[2026-04-09 14:17:44] Connection count: 1
[2026-04-09 14:17:44] Connection count: 1
[2026-04-09 14:17:44] Video frame #77: 1920x1080, pitch=7680, FourCC=0x58524742
[2026-04-09 14:17:44] Connection count: 1
[2026-04-09 14:17:44] Connection count: 1
[2026-04-09 14:17:44] Video frame #78: 1920x1080, pitch=7680, FourCC=0x58524742
[2026-04-09 14:17:44] Connection count: 1
[2026-04-09 14:17:44] Connection count: 1
[2026-04-09 14:17:44] Connection count: 1
[2026-04-09 14:17:44] Video frame #79: 1920x1080, pitch=7680, FourCC=0x58524742
[2026-04-09 14:17:44] Connection count: 1
[2026-04-09 14:17:44] Connection count: 1
[2026-04-09 14:17:44] Connection count: 1
[2026-04-09 14:17:44] Video frame #80: 1920x1080, pitch=7680, FourCC=0x58524742
[2026-04-09 14:17:44] Connection count: 1
[2026-04-09 14:17:44] Connection count: 1
[2026-04-09 14:17:44] Video frame #81: 1920x1080, pitch=7680, FourCC=0x58524742
[2026-04-09 14:17:44] Connection count: 1
[2026-04-09 14:17:44] Connection count: 1
[2026-04-09 14:17:44] Connection count: 1
[2026-04-09 14:17:44] Video frame #82: 1920x1080, pitch=7680, FourCC=0x58524742
[2026-04-09 14:17:44] Connection count: 1
[2026-04-09 14:17:44] Connection count: 1
[2026-04-09 14:17:44] Video frame #83: 1920x1080, pitch=7680, FourCC=0x58524742
[2026-04-09 14:17:44] Connection count: 1
[2026-04-09 14:17:44] Connection count: 1
[2026-04-09 14:17:44] Connection count: 1
[2026-04-09 14:17:44] Video frame #84: 1920x1080, pitch=7680, FourCC=0x58524742
[2026-04-09 14:17:44] Connection count: 1
[2026-04-09 14:17:44] Connection count: 1
[2026-04-09 14:17:44] Video frame #85: 1920x1080, pitch=7680, FourCC=0x58524742
[2026-04-09 14:17:44] Connection count: 1
[2026-04-09 14:17:44] Connection count: 1
[2026-04-09 14:17:44] Connection count: 1
[2026-04-09 14:17:44] Video frame #86: 1920x1080, pitch=7680, FourCC=0x58524742
[2026-04-09 14:17:44] Connection count: 1
[2026-04-09 14:17:44] Connection count: 1
[2026-04-09 14:17:44] Video frame #87: 1920x1080, pitch=7680, FourCC=0x58524742
[2026-04-09 14:17:44] Connection count: 1
[2026-04-09 14:17:44] Connection count: 1
[2026-04-09 14:17:44] Connection count: 1
[2026-04-09 14:17:44] Video frame #88: 1920x1080, pitch=7680, FourCC=0x58524742
[2026-04-09 14:17:44] Connection count: 1
[2026-04-09 14:17:44] Connection count: 1
[2026-04-09 14:17:44] Connection count: 1
[2026-04-09 14:17:44] Video frame #89: 1920x1080, pitch=7680, FourCC=0x58524742
[2026-04-09 14:17:44] Connection count: 1
[2026-04-09 14:17:44] Connection count: 1
[2026-04-09 14:17:44] Video frame #90: 1920x1080, pitch=7680, FourCC=0x58524742
[2026-04-09 14:17:44] Connection count: 1
[2026-04-09 14:17:44] Connection count: 1
[2026-04-09 14:17:44] Connection count: 1
[2026-04-09 14:17:44] Video frame #91: 1920x1080, pitch=7680, FourCC=0x58524742
[2026-04-09 14:17:44] Connection count: 1
[2026-04-09 14:17:44] Connection count: 1
[2026-04-09 14:17:44] Video frame #92: 1920x1080, pitch=7680, FourCC=0x58524742
[2026-04-09 14:17:44] Connection count: 1
[2026-04-09 14:17:45] Connection count: 1
[2026-04-09 14:17:45] Connection count: 1
[2026-04-09 14:17:45] Video frame #93: 1920x1080, pitch=7680, FourCC=0x58524742
[2026-04-09 14:17:45] Connection count: 1
[2026-04-09 14:17:45] Connection count: 1
[2026-04-09 14:17:45] Video frame #94: 1920x1080, pitch=7680, FourCC=0x58524742
[2026-04-09 14:17:45] Connection count: 1
[2026-04-09 14:17:45] Connection count: 1
[2026-04-09 14:17:45] Connection count: 1
[2026-04-09 14:17:45] Video frame #95: 1920x1080, pitch=7680, FourCC=0x58524742
[2026-04-09 14:17:45] Connection count: 1
[2026-04-09 14:17:45] Connection count: 1
[2026-04-09 14:17:45] Connection count: 1
[2026-04-09 14:17:45] Video frame #96: 1920x1080, pitch=7680, FourCC=0x58524742
[2026-04-09 14:17:45] Connection count: 1
[2026-04-09 14:17:45] Connection count: 1
[2026-04-09 14:17:45] Video frame #97: 1920x1080, pitch=7680, FourCC=0x58524742
[2026-04-09 14:17:45] Connection count: 1
[2026-04-09 14:17:45] Connection count: 1
[2026-04-09 14:17:45] Connection count: 1
[2026-04-09 14:17:45] Video frame #98: 1920x1080, pitch=7680, FourCC=0x58524742
[2026-04-09 14:17:45] Connection count: 1
[2026-04-09 14:17:45] Connection count: 1
[2026-04-09 14:17:45] Video frame #99: 1920x1080, pitch=7680, FourCC=0x58524742
[2026-04-09 14:17:45] Connection count: 1
[2026-04-09 14:17:45] Connection count: 1
[2026-04-09 14:17:45] Connection count: 1
[2026-04-09 14:17:45] Video frame #100: 1920x1080, pitch=7680, FourCC=0x58524742
[2026-04-09 14:17:45] Connection count: 1
[2026-04-09 14:17:45] Connection count: 1
[2026-04-09 14:17:45] Video frame #101: 1920x1080, pitch=7680, FourCC=0x58524742
[2026-04-09 14:17:45] Connection count: 1
[2026-04-09 14:17:45] Connection count: 1
[2026-04-09 14:17:45] Connection count: 1
[2026-04-09 14:17:45] Video frame #102: 1920x1080, pitch=7680, FourCC=0x58524742
[2026-04-09 14:17:45] Connection count: 1
[2026-04-09 14:17:45] Connection count: 1
[2026-04-09 14:17:45] Connection count: 1
[2026-04-09 14:17:45] Video frame #103: 1920x1080, pitch=7680, FourCC=0x58524742
[2026-04-09 14:17:45] Connection count: 1
[2026-04-09 14:17:45] Connection count: 1
[2026-04-09 14:17:45] Video frame #104: 1920x1080, pitch=7680, FourCC=0x58524742
[2026-04-09 14:17:45] Connection count: 1
[2026-04-09 14:17:45] Connection count: 1
[2026-04-09 14:17:45] Connection count: 1
[2026-04-09 14:17:45] Video frame #105: 1920x1080, pitch=7680, FourCC=0x58524742
[2026-04-09 14:17:45] Connection count: 1
[2026-04-09 14:17:45] Connection count: 1
[2026-04-09 14:17:45] Video frame #106: 1920x1080, pitch=7680, FourCC=0x58524742
[2026-04-09 14:17:45] Connection count: 1
[2026-04-09 14:17:45] Connection count: 1
[2026-04-09 14:17:45] Connection count: 1
[2026-04-09 14:17:45] Video frame #107: 1920x1080, pitch=7680, FourCC=0x58524742
[2026-04-09 14:17:45] Connection count: 1
[2026-04-09 14:17:45] Connection count: 1
[2026-04-09 14:17:45] Video frame #108: 1920x1080, pitch=7680, FourCC=0x58524742
[2026-04-09 14:17:45] Connection count: 1
[2026-04-09 14:17:45] Connection count: 1
[2026-04-09 14:17:45] Connection count: 1
[2026-04-09 14:17:45] Video frame #109: 1920x1080, pitch=7680, FourCC=0x58524742
[2026-04-09 14:17:45] Connection count: 1
[2026-04-09 14:17:45] Connection count: 1
[2026-04-09 14:17:45] Video frame #110: 1920x1080, pitch=7680, FourCC=0x58524742
[2026-04-09 14:17:45] Connection count: 1
[2026-04-09 14:17:45] Connection count: 1
[2026-04-09 14:17:45] Connection count: 1
[2026-04-09 14:17:45] Video frame #111: 1920x1080, pitch=7680, FourCC=0x58524742
[2026-04-09 14:17:45] Connection count: 1
[2026-04-09 14:17:45] Connection count: 1
[2026-04-09 14:17:45] Connection count: 1
[2026-04-09 14:17:45] Video frame #112: 1920x1080, pitch=7680, FourCC=0x58524742
[2026-04-09 14:17:45] Connection count: 1
[2026-04-09 14:17:45] Connection count: 1
[2026-04-09 14:17:45] Video frame #113: 1920x1080, pitch=7680, FourCC=0x58524742
[2026-04-09 14:17:45] Connection count: 1
[2026-04-09 14:17:45] Connection count: 1
[2026-04-09 14:17:45] Connection count: 1
[2026-04-09 14:17:45] Video frame #114: 1920x1080, pitch=7680, FourCC=0x58524742
[2026-04-09 14:17:45] Connection count: 1
[2026-04-09 14:17:45] Connection count: 1
[2026-04-09 14:17:45] Video frame #115: 1920x1080, pitch=7680, FourCC=0x58524742
[2026-04-09 14:17:45] Connection count: 1
[2026-04-09 14:17:45] Connection count: 1
[2026-04-09 14:17:45] Connection count: 1
[2026-04-09 14:17:45] Video frame #116: 1920x1080, pitch=7680, FourCC=0x58524742
[2026-04-09 14:17:45] Connection count: 1
[2026-04-09 14:17:45] Connection count: 1
[2026-04-09 14:17:45] Connection count: 1
[2026-04-09 14:17:45] Connection count: 1
[2026-04-09 14:17:45] Video frame #117: 1920x1080, pitch=7680, FourCC=0x58524742
[2026-04-09 14:17:45] Connection count: 1
[2026-04-09 14:17:45] Video frame #118: 1920x1080, pitch=7680, FourCC=0x58524742
[2026-04-09 14:17:45] Connection count: 1
[2026-04-09 14:17:45] Connection count: 1
[2026-04-09 14:17:45] Connection count: 1
[2026-04-09 14:17:45] Video frame #119: 1920x1080, pitch=7680, FourCC=0x58524742
[2026-04-09 14:17:45] Connection count: 1
[2026-04-09 14:17:45] Connection count: 1
[2026-04-09 14:17:45] Video frame #120: 1920x1080, pitch=7680, FourCC=0x58524742
[2026-04-09 14:17:45] Connection count: 1
[2026-04-09 14:17:45] Connection count: 1
[2026-04-09 14:17:45] Connection count: 1
[2026-04-09 14:17:45] Video frame #121: 1920x1080, pitch=7680, FourCC=0x58524742
[2026-04-09 14:17:45] Connection count: 1
[2026-04-09 14:17:45] Connection count: 1
[2026-04-09 14:17:45] Video frame #122: 1920x1080, pitch=7680, FourCC=0x58524742
[2026-04-09 14:17:45] Connection count: 1
[2026-04-09 14:17:45] Connection count: 1
[2026-04-09 14:17:45] Connection count: 1
[2026-04-09 14:17:46] Video frame #123: 1920x1080, pitch=7680, FourCC=0x58524742
[2026-04-09 14:17:46] Connection count: 1
[2026-04-09 14:17:46] Connection count: 1
[2026-04-09 14:17:46] Video frame #124: 1920x1080, pitch=7680, FourCC=0x58524742
[2026-04-09 14:17:46] Connection count: 1
[2026-04-09 14:17:46] Connection count: 1
[2026-04-09 14:17:46] Connection count: 1
[2026-04-09 14:17:46] Video frame #125: 1920x1080, pitch=7680, FourCC=0x58524742
[2026-04-09 14:17:46] Connection count: 1
[2026-04-09 14:17:46] Connection count: 1
[2026-04-09 14:17:46] Video frame #126: 1920x1080, pitch=7680, FourCC=0x58524742
[2026-04-09 14:17:46] Connection count: 1
[2026-04-09 14:17:46] Connection count: 1
[2026-04-09 14:17:46] Connection count: 1
[2026-04-09 14:17:46] Video frame #127: 1920x1080, pitch=7680, FourCC=0x58524742
[2026-04-09 14:17:46] Connection count: 1
[2026-04-09 14:17:46] Connection count: 1
[2026-04-09 14:17:46] Connection count: 1
[2026-04-09 14:17:46] Video frame #128: 1920x1080, pitch=7680, FourCC=0x58524742
[2026-04-09 14:17:46] Connection count: 1
[2026-04-09 14:17:46] Connection count: 1
[2026-04-09 14:17:46] Video frame #129: 1920x1080, pitch=7680, FourCC=0x58524742
[2026-04-09 14:17:46] Connection count: 1
[2026-04-09 14:17:46] Connection count: 1
[2026-04-09 14:17:46] Connection count: 1
[2026-04-09 14:17:46] Video frame #130: 1920x1080, pitch=7680, FourCC=0x58524742
[2026-04-09 14:17:46] Connection count: 1
[2026-04-09 14:17:46] Connection count: 1
[2026-04-09 14:17:46] Video frame #131: 1920x1080, pitch=7680, FourCC=0x58524742
[2026-04-09 14:17:46] Connection count: 1
[2026-04-09 14:17:46] Video frame #132: 1920x1080, pitch=7680, FourCC=0x58524742
[2026-04-09 14:17:46] Connection count: 1
[2026-04-09 14:17:46] Connection count: 1
[2026-04-09 14:17:46] Connection count: 1
[2026-04-09 14:17:46] Connection count: 1
[2026-04-09 14:17:46] Video frame #133: 1920x1080, pitch=7680, FourCC=0x58524742
[2026-04-09 14:17:46] Connection count: 1
[2026-04-09 14:17:46] Connection count: 1
[2026-04-09 14:17:46] Connection count: 1
[2026-04-09 14:17:46] Video frame #134: 1920x1080, pitch=7680, FourCC=0x58524742
[2026-04-09 14:17:46] Connection count: 1
[2026-04-09 14:17:46] Connection count: 1
[2026-04-09 14:17:46] Connection count: 1
[2026-04-09 14:17:46] Video frame #135: 1920x1080, pitch=7680, FourCC=0x58524742
[2026-04-09 14:17:46] Connection count: 1
[2026-04-09 14:17:46] Connection count: 1
[2026-04-09 14:17:46] Video frame #136: 1920x1080, pitch=7680, FourCC=0x58524742
[2026-04-09 14:17:46] Connection count: 1
[2026-04-09 14:17:46] Connection count: 1
[2026-04-09 14:17:46] Connection count: 1
[2026-04-09 14:17:46] Video frame #137: 1920x1080, pitch=7680, FourCC=0x58524742
[2026-04-09 14:17:46] Connection count: 1
[2026-04-09 14:17:46] Connection count: 1
[2026-04-09 14:17:46] Video frame #138: 1920x1080, pitch=7680, FourCC=0x58524742
[2026-04-09 14:17:46] Connection count: 1
[2026-04-09 14:17:46] Connection count: 1
[2026-04-09 14:17:46] Connection count: 1
[2026-04-09 14:17:46] Video frame #139: 1920x1080, pitch=7680, FourCC=0x58524742
[2026-04-09 14:17:46] Connection count: 1
[2026-04-09 14:17:46] Connection count: 1
[2026-04-09 14:17:46] Video frame #140: 1920x1080, pitch=7680, FourCC=0x58524742
[2026-04-09 14:17:46] Connection count: 1
[2026-04-09 14:17:46] Connection count: 1
[2026-04-09 14:17:46] Connection count: 1
[2026-04-09 14:17:46] Video frame #141: 1920x1080, pitch=7680, FourCC=0x58524742
[2026-04-09 14:17:46] Connection count: 1
[2026-04-09 14:17:46] Connection count: 0
[2026-04-09 14:17:46] Video frame #142: 1920x1080, pitch=7680, FourCC=0x58524742
[2026-04-09 14:17:46] Connection count: 0
[2026-04-09 14:17:46] Connection count: 0
[2026-04-09 14:17:46] Connection count: 0
[2026-04-09 14:17:46] Video frame #143: 1920x1080, pitch=7680, FourCC=0x58524742
[2026-04-09 14:17:46] Connection count: 0
[2026-04-09 14:17:47] Video frame #144: 1920x1080, pitch=7680, FourCC=0x58524742
[2026-04-09 14:17:47] Connection count: 1
[2026-04-09 14:17:47] Video frame #145: 1920x1080, pitch=7680, FourCC=0x58524742
[2026-04-09 14:17:47] Connection count: 1
[2026-04-09 14:17:47] Connection count: 1
[2026-04-09 14:17:47] Connection count: 1
[2026-04-09 14:17:47] Connection count: 1
[2026-04-09 14:17:47] Connection count: 1
[2026-04-09 14:17:47] Video frame #146: 1920x1080, pitch=7680, FourCC=0x58524742
[2026-04-09 14:17:47] Connection count: 1
[2026-04-09 14:17:47] Connection count: 1
[2026-04-09 14:17:47] Connection count: 1
[2026-04-09 14:17:47] Video frame #147: 1920x1080, pitch=7680, FourCC=0x58524742
[2026-04-09 14:17:47] Connection count: 1
[2026-04-09 14:17:47] Connection count: 1
[2026-04-09 14:17:47] Video frame #148: 1920x1080, pitch=7680, FourCC=0x58524742
[2026-04-09 14:17:47] Connection count: 1
[2026-04-09 14:17:47] Connection count: 1
[2026-04-09 14:17:47] Connection count: 1
[2026-04-09 14:17:47] Video frame #149: 1920x1080, pitch=7680, FourCC=0x58524742
[2026-04-09 14:17:47] Connection count: 1
[2026-04-09 14:17:47] Connection count: 1
[2026-04-09 14:17:47] Connection count: 1
[2026-04-09 14:17:47] Video frame #150: 1920x1080, pitch=7680, FourCC=0x58524742
[2026-04-09 14:17:47] Connection count: 1
[2026-04-09 14:17:47] Connection count: 1
[2026-04-09 14:17:47] Video frame #151: 1920x1080, pitch=7680, FourCC=0x58524742
[2026-04-09 14:17:47] Connection count: 1
[2026-04-09 14:17:47] Connection count: 1
[2026-04-09 14:17:47] Connection count: 1
[2026-04-09 14:17:47] Video frame #152: 1920x1080, pitch=7680, FourCC=0x58524742
[2026-04-09 14:17:47] Connection count: 1
[2026-04-09 14:17:47] Connection count: 1
[2026-04-09 14:17:47] Video frame #153: 1920x1080, pitch=7680, FourCC=0x58524742
[2026-04-09 14:17:47] Connection count: 1
[2026-04-09 14:17:47] Connection count: 1
[2026-04-09 14:17:47] Connection count: 1
[2026-04-09 14:17:47] Connection count: 1
[2026-04-09 14:17:47] Video frame #154: 1920x1080, pitch=7680, FourCC=0x58524742
[2026-04-09 14:17:47] Connection count: 1
[2026-04-09 14:17:47] Video frame #155: 1920x1080, pitch=7680, FourCC=0x58524742
[2026-04-09 14:17:47] Connection count: 1
[2026-04-09 14:17:47] Connection count: 1
[2026-04-09 14:17:47] Connection count: 1
[2026-04-09 14:17:47] Video frame #156: 1920x1080, pitch=7680, FourCC=0x58524742
[2026-04-09 14:17:47] Connection count: 1
[2026-04-09 14:17:47] Connection count: 1
[2026-04-09 14:17:47] Connection count: 1
[2026-04-09 14:17:47] Video frame #157: 1920x1080, pitch=7680, FourCC=0x58524742
[2026-04-09 14:17:47] Connection count: 1
[2026-04-09 14:17:47] Connection count: 1
[2026-04-09 14:17:47] Video frame #158: 1920x1080, pitch=7680, FourCC=0x58524742
[2026-04-09 14:17:47] Connection count: 1
[2026-04-09 14:17:47] Connection count: 1
[2026-04-09 14:17:47] Connection count: 1
[2026-04-09 14:17:47] Video frame #159: 1920x1080, pitch=7680, FourCC=0x58524742
[2026-04-09 14:17:47] Connection count: 1
[2026-04-09 14:17:47] Connection count: 1
[2026-04-09 14:17:47] Video frame #160: 1920x1080, pitch=7680, FourCC=0x58524742
[2026-04-09 14:17:47] Connection count: 1
[2026-04-09 14:17:47] Connection count: 1
[2026-04-09 14:17:47] Connection count: 1
[2026-04-09 14:17:47] Video frame #161: 1920x1080, pitch=7680, FourCC=0x58524742
[2026-04-09 14:17:47] Connection count: 1
[2026-04-09 14:17:47] Connection count: 1
[2026-04-09 14:17:47] Video frame #162: 1920x1080, pitch=7680, FourCC=0x58524742
[2026-04-09 14:17:47] Connection count: 1
[2026-04-09 14:17:47] Connection count: 1
[2026-04-09 14:17:47] Connection count: 1
[2026-04-09 14:17:47] Video frame #163: 1920x1080, pitch=7680, FourCC=0x58524742
[2026-04-09 14:17:47] Connection count: 1
[2026-04-09 14:17:47] Connection count: 1
[2026-04-09 14:17:48] Video frame #164: 1920x1080, pitch=7680, FourCC=0x58524742
[2026-04-09 14:17:48] === Application shutting down ===
[2026-04-09 14:17:57] === Application started ===
[2026-04-09 14:18:05] Creating receiver: color_format=BGRX_BGRA, bandwidth=highest
[2026-04-09 14:18:05] Waiting for connection...
[2026-04-09 14:18:05] Connection established (waited 300ms)
[2026-04-09 14:18:05] Entering receive loop
[2026-04-09 14:18:05] Connection count: 1
[2026-04-09 14:18:05] Timeout waiting for frames (video=0, audio=0)...
[2026-04-09 14:18:05] Connection count: 1
[2026-04-09 14:18:05] Connection count: 1
[2026-04-09 14:18:05] Video frame #1: 1920x1080, pitch=7680, FourCC=0x58524742
[2026-04-09 14:18:05] Connection count: 1
[2026-04-09 14:18:05] Connection count: 1
[2026-04-09 14:18:05] Connection count: 1
[2026-04-09 14:18:05] Video frame #2: 1920x1080, pitch=7680, FourCC=0x58524742
[2026-04-09 14:18:05] Connection count: 1
[2026-04-09 14:18:05] Video frame #3: 1920x1080, pitch=7680, FourCC=0x58524742
[2026-04-09 14:18:05] Connection count: 1
[2026-04-09 14:18:05] Video frame #4: 1920x1080, pitch=7680, FourCC=0x58524742
[2026-04-09 14:18:05] Connection count: 1
[2026-04-09 14:18:05] Connection count: 1
[2026-04-09 14:18:05] Connection count: 1
[2026-04-09 14:18:05] Connection count: 1
[2026-04-09 14:18:05] Video frame #5: 1920x1080, pitch=7680, FourCC=0x58524742
[2026-04-09 14:18:05] Connection count: 1
[2026-04-09 14:18:05] Connection count: 1
[2026-04-09 14:18:05] Connection count: 1
[2026-04-09 14:18:05] Video frame #6: 1920x1080, pitch=7680, FourCC=0x58524742
[2026-04-09 14:18:05] Connection count: 1
[2026-04-09 14:18:05] Connection count: 1
[2026-04-09 14:18:05] Video frame #7: 1920x1080, pitch=7680, FourCC=0x58524742
[2026-04-09 14:18:05] Connection count: 1
[2026-04-09 14:18:05] Connection count: 1
[2026-04-09 14:18:05] Connection count: 1
[2026-04-09 14:18:05] Video frame #8: 1920x1080, pitch=7680, FourCC=0x58524742
[2026-04-09 14:18:05] Connection count: 1
[2026-04-09 14:18:05] Connection count: 1
[2026-04-09 14:18:05] Video frame #9: 1920x1080, pitch=7680, FourCC=0x58524742
[2026-04-09 14:18:05] Connection count: 1
[2026-04-09 14:18:05] Connection count: 1
[2026-04-09 14:18:05] Connection count: 1
[2026-04-09 14:18:05] Video frame #10: 1920x1080, pitch=7680, FourCC=0x58524742
[2026-04-09 14:18:05] Connection count: 1
[2026-04-09 14:18:05] Connection count: 1
[2026-04-09 14:18:05] Video frame #11: 1920x1080, pitch=7680, FourCC=0x58524742
[2026-04-09 14:18:05] Connection count: 1
[2026-04-09 14:18:05] Connection count: 1
[2026-04-09 14:18:05] Connection count: 1
[2026-04-09 14:18:05] Connection count: 1
[2026-04-09 14:18:05] Video frame #12: 1920x1080, pitch=7680, FourCC=0x58524742
[2026-04-09 14:18:05] Connection count: 1
[2026-04-09 14:18:05] Video frame #13: 1920x1080, pitch=7680, FourCC=0x58524742
[2026-04-09 14:18:05] Connection count: 1
[2026-04-09 14:18:05] Video frame #14: 1920x1080, pitch=7680, FourCC=0x58524742
[2026-04-09 14:18:05] Connection count: 1
[2026-04-09 14:18:05] Connection count: 1
[2026-04-09 14:18:05] Connection count: 1
[2026-04-09 14:18:05] Connection count: 1
[2026-04-09 14:18:05] Connection count: 1
[2026-04-09 14:18:05] Video frame #15: 1920x1080, pitch=7680, FourCC=0x58524742
[2026-04-09 14:18:05] Connection count: 1
[2026-04-09 14:18:05] Connection count: 1
[2026-04-09 14:18:05] Video frame #16: 1920x1080, pitch=7680, FourCC=0x58524742
[2026-04-09 14:18:05] Connection count: 1
[2026-04-09 14:18:05] Connection count: 1
[2026-04-09 14:18:05] Video frame #17: 1920x1080, pitch=7680, FourCC=0x58524742
[2026-04-09 14:18:05] Connection count: 1
[2026-04-09 14:18:05] Connection count: 1
[2026-04-09 14:18:05] Connection count: 1
[2026-04-09 14:18:05] Video frame #18: 1920x1080, pitch=7680, FourCC=0x58524742
[2026-04-09 14:18:05] Connection count: 1
[2026-04-09 14:18:05] Connection count: 1
[2026-04-09 14:18:05] Connection count: 1
[2026-04-09 14:18:05] Video frame #19: 1920x1080, pitch=7680, FourCC=0x58524742
[2026-04-09 14:18:05] Connection count: 1
[2026-04-09 14:18:05] Connection count: 1
[2026-04-09 14:18:05] Video frame #20: 1920x1080, pitch=7680, FourCC=0x58524742
[2026-04-09 14:18:06] Connection count: 1
[2026-04-09 14:18:06] Connection count: 1
[2026-04-09 14:18:06] Connection count: 1
[2026-04-09 14:18:06] Video frame #21: 1920x1080, pitch=7680, FourCC=0x58524742
[2026-04-09 14:18:06] Connection count: 1
[2026-04-09 14:18:06] Connection count: 1
[2026-04-09 14:18:06] Connection count: 1
[2026-04-09 14:18:06] Video frame #22: 1920x1080, pitch=7680, FourCC=0x58524742
[2026-04-09 14:18:06] Connection count: 1
[2026-04-09 14:18:06] Connection count: 1
[2026-04-09 14:18:06] Video frame #23: 1920x1080, pitch=7680, FourCC=0x58524742
[2026-04-09 14:18:06] Connection count: 1
[2026-04-09 14:18:06] Connection count: 1
[2026-04-09 14:18:06] Connection count: 1
[2026-04-09 14:18:06] Video frame #24: 1920x1080, pitch=7680, FourCC=0x58524742
[2026-04-09 14:18:06] Connection count: 1
[2026-04-09 14:18:06] Connection count: 1
[2026-04-09 14:18:06] Video frame #25: 1920x1080, pitch=7680, FourCC=0x58524742
[2026-04-09 14:18:06] Connection count: 1
[2026-04-09 14:18:06] Connection count: 1
[2026-04-09 14:18:06] Connection count: 1
[2026-04-09 14:18:06] Video frame #26: 1920x1080, pitch=7680, FourCC=0x58524742
[2026-04-09 14:18:06] Connection count: 1
[2026-04-09 14:18:06] Connection count: 1
[2026-04-09 14:18:06] Video frame #27: 1920x1080, pitch=7680, FourCC=0x58524742
[2026-04-09 14:18:06] Connection count: 1
[2026-04-09 14:18:06] Connection count: 1
[2026-04-09 14:18:06] Connection count: 1
[2026-04-09 14:18:06] Video frame #28: 1920x1080, pitch=7680, FourCC=0x58524742
[2026-04-09 14:18:06] Connection count: 1
[2026-04-09 14:18:06] Connection count: 1
[2026-04-09 14:18:06] Video frame #29: 1920x1080, pitch=7680, FourCC=0x58524742
[2026-04-09 14:18:06] Connection count: 1
[2026-04-09 14:18:06] Connection count: 1
[2026-04-09 14:18:06] Connection count: 1
[2026-04-09 14:18:06] Video frame #30: 1920x1080, pitch=7680, FourCC=0x58524742
[2026-04-09 14:18:06] Connection count: 1
[2026-04-09 14:18:06] Connection count: 1
[2026-04-09 14:18:06] Connection count: 1
[2026-04-09 14:18:06] Video frame #31: 1920x1080, pitch=7680, FourCC=0x58524742
[2026-04-09 14:18:06] Connection count: 1
[2026-04-09 14:18:06] Connection count: 1
[2026-04-09 14:18:06] Video frame #32: 1920x1080, pitch=7680, FourCC=0x58524742
[2026-04-09 14:18:06] Connection count: 1
[2026-04-09 14:18:06] Connection count: 1
[2026-04-09 14:18:06] Connection count: 1
[2026-04-09 14:18:06] Video frame #33: 1920x1080, pitch=7680, FourCC=0x58524742
[2026-04-09 14:18:06] Connection count: 1
[2026-04-09 14:18:06] Connection count: 1
[2026-04-09 14:18:06] Video frame #34: 1920x1080, pitch=7680, FourCC=0x58524742
[2026-04-09 14:18:06] Connection count: 1
[2026-04-09 14:18:06] Connection count: 1
[2026-04-09 14:18:06] Connection count: 1
[2026-04-09 14:18:06] Video frame #35: 1920x1080, pitch=7680, FourCC=0x58524742
[2026-04-09 14:18:06] Connection count: 1
[2026-04-09 14:18:06] Connection count: 1
[2026-04-09 14:18:06] Video frame #36: 1920x1080, pitch=7680, FourCC=0x58524742
[2026-04-09 14:18:06] Connection count: 1
[2026-04-09 14:18:06] Connection count: 1
[2026-04-09 14:18:06] Connection count: 1
[2026-04-09 14:18:06] Video frame #37: 1920x1080, pitch=7680, FourCC=0x58524742
[2026-04-09 14:18:06] Connection count: 1
[2026-04-09 14:18:06] Connection count: 1
[2026-04-09 14:18:06] Connection count: 1
[2026-04-09 14:18:06] Video frame #38: 1920x1080, pitch=7680, FourCC=0x58524742
[2026-04-09 14:18:06] Connection count: 1
[2026-04-09 14:18:06] Connection count: 1
[2026-04-09 14:18:06] Video frame #39: 1920x1080, pitch=7680, FourCC=0x58524742
[2026-04-09 14:18:06] Connection count: 1
[2026-04-09 14:18:06] Video frame #40: 1920x1080, pitch=7680, FourCC=0x58524742
[2026-04-09 14:18:06] Connection count: 1
[2026-04-09 14:18:06] Connection count: 1
[2026-04-09 14:18:06] Connection count: 1
[2026-04-09 14:18:06] Connection count: 1
[2026-04-09 14:18:06] Video frame #41: 1920x1080, pitch=7680, FourCC=0x58524742
[2026-04-09 14:18:06] Connection count: 1
[2026-04-09 14:18:06] Connection count: 1
[2026-04-09 14:18:06] Connection count: 1
[2026-04-09 14:18:06] Video frame #42: 1920x1080, pitch=7680, FourCC=0x58524742
[2026-04-09 14:18:06] Connection count: 1
[2026-04-09 14:18:06] Connection count: 1
[2026-04-09 14:18:06] Video frame #43: 1920x1080, pitch=7680, FourCC=0x58524742
[2026-04-09 14:18:06] Connection count: 1
[2026-04-09 14:18:06] Connection count: 1
[2026-04-09 14:18:06] Connection count: 1
[2026-04-09 14:18:06] Video frame #44: 1920x1080, pitch=7680, FourCC=0x58524742
[2026-04-09 14:18:06] Connection count: 1
[2026-04-09 14:18:06] Connection count: 1
[2026-04-09 14:18:06] Video frame #45: 1920x1080, pitch=7680, FourCC=0x58524742
[2026-04-09 14:18:06] Connection count: 1
[2026-04-09 14:18:06] Connection count: 1
[2026-04-09 14:18:06] Connection count: 1
[2026-04-09 14:18:06] Video frame #46: 1920x1080, pitch=7680, FourCC=0x58524742
[2026-04-09 14:18:06] Connection count: 1
[2026-04-09 14:18:06] Connection count: 1
[2026-04-09 14:18:06] Connection count: 1
[2026-04-09 14:18:06] Video frame #47: 1920x1080, pitch=7680, FourCC=0x58524742
[2026-04-09 14:18:06] Connection count: 1
[2026-04-09 14:18:06] Connection count: 1
[2026-04-09 14:18:06] Video frame #48: 1920x1080, pitch=7680, FourCC=0x58524742
[2026-04-09 14:18:06] Connection count: 1
[2026-04-09 14:18:07] Connection count: 1
[2026-04-09 14:18:07] Connection count: 1
[2026-04-09 14:18:07] Video frame #49: 1920x1080, pitch=7680, FourCC=0x58524742
[2026-04-09 14:18:07] Connection count: 1
[2026-04-09 14:18:07] Connection count: 1
[2026-04-09 14:18:07] Video frame #50: 1920x1080, pitch=7680, FourCC=0x58524742
[2026-04-09 14:18:07] Connection count: 1
[2026-04-09 14:18:07] Connection count: 1
[2026-04-09 14:18:07] Connection count: 1
[2026-04-09 14:18:07] Video frame #51: 1920x1080, pitch=7680, FourCC=0x58524742
[2026-04-09 14:18:07] Connection count: 1
[2026-04-09 14:18:07] Connection count: 1
[2026-04-09 14:18:07] Video frame #52: 1920x1080, pitch=7680, FourCC=0x58524742
[2026-04-09 14:18:07] Connection count: 1
[2026-04-09 14:18:07] Connection count: 1
[2026-04-09 14:18:07] Connection count: 1
[2026-04-09 14:18:07] Video frame #53: 1920x1080, pitch=7680, FourCC=0x58524742
[2026-04-09 14:18:07] Connection count: 1
[2026-04-09 14:18:07] Connection count: 1
[2026-04-09 14:18:07] Connection count: 1
[2026-04-09 14:18:07] Video frame #54: 1920x1080, pitch=7680, FourCC=0x58524742
[2026-04-09 14:18:07] Connection count: 1
[2026-04-09 14:18:07] Connection count: 1
[2026-04-09 14:18:07] Video frame #55: 1920x1080, pitch=7680, FourCC=0x58524742
[2026-04-09 14:18:07] Connection count: 1
[2026-04-09 14:18:07] Connection count: 1
[2026-04-09 14:18:07] Connection count: 1
[2026-04-09 14:18:07] Video frame #56: 1920x1080, pitch=7680, FourCC=0x58524742
[2026-04-09 14:18:07] Connection count: 1
[2026-04-09 14:18:07] Connection count: 1
[2026-04-09 14:18:07] Video frame #57: 1920x1080, pitch=7680, FourCC=0x58524742
[2026-04-09 14:18:07] Connection count: 1
[2026-04-09 14:18:07] Connection count: 1
[2026-04-09 14:18:07] Connection count: 1
[2026-04-09 14:18:07] Video frame #58: 1920x1080, pitch=7680, FourCC=0x58524742
[2026-04-09 14:18:07] Connection count: 1
[2026-04-09 14:18:07] Connection count: 1
[2026-04-09 14:18:07] Video frame #59: 1920x1080, pitch=7680, FourCC=0x58524742
[2026-04-09 14:18:07] Connection count: 1
[2026-04-09 14:18:07] Connection count: 1
[2026-04-09 14:18:07] Connection count: 1
[2026-04-09 14:18:07] Video frame #60: 1920x1080, pitch=7680, FourCC=0x58524742
[2026-04-09 14:18:07] Connection count: 1
[2026-04-09 14:18:07] Connection count: 1
[2026-04-09 14:18:07] Video frame #61: 1920x1080, pitch=7680, FourCC=0x58524742
[2026-04-09 14:18:07] Connection count: 1
[2026-04-09 14:18:07] Connection count: 1
[2026-04-09 14:18:07] Connection count: 1
[2026-04-09 14:18:07] Video frame #62: 1920x1080, pitch=7680, FourCC=0x58524742
[2026-04-09 14:18:07] Connection count: 1
[2026-04-09 14:18:07] Connection count: 1
[2026-04-09 14:18:07] Video frame #63: 1920x1080, pitch=7680, FourCC=0x58524742
[2026-04-09 14:18:07] Connection count: 1
[2026-04-09 14:18:07] Connection count: 1
[2026-04-09 14:18:07] Connection count: 1
[2026-04-09 14:18:07] Video frame #64: 1920x1080, pitch=7680, FourCC=0x58524742
[2026-04-09 14:18:07] Connection count: 1
[2026-04-09 14:18:07] Connection count: 1
[2026-04-09 14:18:07] Connection count: 1
[2026-04-09 14:18:07] Video frame #65: 1920x1080, pitch=7680, FourCC=0x58524742
[2026-04-09 14:18:07] Connection count: 1
[2026-04-09 14:18:07] Connection count: 1
[2026-04-09 14:18:07] Video frame #66: 1920x1080, pitch=7680, FourCC=0x58524742
[2026-04-09 14:18:07] Connection count: 1
[2026-04-09 14:18:07] Connection count: 1
[2026-04-09 14:18:07] Connection count: 1
[2026-04-09 14:18:07] Video frame #67: 1920x1080, pitch=7680, FourCC=0x58524742
[2026-04-09 14:18:07] Connection count: 1
[2026-04-09 14:18:07] Connection count: 1
[2026-04-09 14:18:07] Video frame #68: 1920x1080, pitch=7680, FourCC=0x58524742
[2026-04-09 14:18:07] Connection count: 1
[2026-04-09 14:18:07] Connection count: 1
[2026-04-09 14:18:07] Connection count: 1
[2026-04-09 14:18:07] Video frame #69: 1920x1080, pitch=7680, FourCC=0x58524742
[2026-04-09 14:18:07] Connection count: 1
[2026-04-09 14:18:07] Connection count: 1
[2026-04-09 14:18:07] Video frame #70: 1920x1080, pitch=7680, FourCC=0x58524742
[2026-04-09 14:18:07] Connection count: 1
[2026-04-09 14:18:07] Connection count: 1
[2026-04-09 14:18:07] Connection count: 1
[2026-04-09 14:18:07] Video frame #71: 1920x1080, pitch=7680, FourCC=0x58524742
[2026-04-09 14:18:07] Connection count: 1
[2026-04-09 14:18:07] Connection count: 1
[2026-04-09 14:18:07] Connection count: 1
[2026-04-09 14:18:07] Video frame #72: 1920x1080, pitch=7680, FourCC=0x58524742
[2026-04-09 14:18:07] Connection count: 1
[2026-04-09 14:18:07] Connection count: 1
[2026-04-09 14:18:07] Video frame #73: 1920x1080, pitch=7680, FourCC=0x58524742
[2026-04-09 14:18:07] Connection count: 1
[2026-04-09 14:18:07] Connection count: 1
[2026-04-09 14:18:07] Connection count: 1
[2026-04-09 14:18:07] Video frame #74: 1920x1080, pitch=7680, FourCC=0x58524742
[2026-04-09 14:18:07] Connection count: 1
[2026-04-09 14:18:07] Connection count: 1
[2026-04-09 14:18:07] Video frame #75: 1920x1080, pitch=7680, FourCC=0x58524742
[2026-04-09 14:18:07] Connection count: 1
[2026-04-09 14:18:08] Connection count: 1
[2026-04-09 14:18:08] Connection count: 1
[2026-04-09 14:18:08] Video frame #76: 1920x1080, pitch=7680, FourCC=0x58524742
[2026-04-09 14:18:08] Connection count: 1
[2026-04-09 14:18:08] Connection count: 1
[2026-04-09 14:18:08] Video frame #77: 1920x1080, pitch=7680, FourCC=0x58524742
[2026-04-09 14:18:08] Connection count: 1
[2026-04-09 14:18:08] Connection count: 1
[2026-04-09 14:18:08] Connection count: 1
[2026-04-09 14:18:08] Video frame #78: 1920x1080, pitch=7680, FourCC=0x58524742
[2026-04-09 14:18:08] Connection count: 1
[2026-04-09 14:18:08] Connection count: 1
[2026-04-09 14:18:08] Connection count: 1
[2026-04-09 14:18:08] Video frame #79: 1920x1080, pitch=7680, FourCC=0x58524742
[2026-04-09 14:18:08] Connection count: 1
[2026-04-09 14:18:08] Connection count: 1
[2026-04-09 14:18:08] Video frame #80: 1920x1080, pitch=7680, FourCC=0x58524742
[2026-04-09 14:18:08] Connection count: 1
[2026-04-09 14:18:08] Connection count: 1
[2026-04-09 14:18:08] Connection count: 1
[2026-04-09 14:18:08] Video frame #81: 1920x1080, pitch=7680, FourCC=0x58524742
[2026-04-09 14:18:08] Connection count: 1
[2026-04-09 14:18:08] Connection count: 1
[2026-04-09 14:18:08] Video frame #82: 1920x1080, pitch=7680, FourCC=0x58524742
[2026-04-09 14:18:08] Connection count: 1
[2026-04-09 14:18:08] Connection count: 1
[2026-04-09 14:18:08] Connection count: 1
[2026-04-09 14:18:08] Video frame #83: 1920x1080, pitch=7680, FourCC=0x58524742
[2026-04-09 14:18:08] Connection count: 1
[2026-04-09 14:18:08] Connection count: 1
[2026-04-09 14:18:08] Video frame #84: 1920x1080, pitch=7680, FourCC=0x58524742
[2026-04-09 14:18:08] Connection count: 1
[2026-04-09 14:18:08] Connection count: 1
[2026-04-09 14:18:08] Connection count: 1
[2026-04-09 14:18:08] Video frame #85: 1920x1080, pitch=7680, FourCC=0x58524742
[2026-04-09 14:18:08] Connection count: 1
[2026-04-09 14:18:08] Connection count: 1
[2026-04-09 14:18:08] Video frame #86: 1920x1080, pitch=7680, FourCC=0x58524742
[2026-04-09 14:18:08] Connection count: 1
[2026-04-09 14:18:08] Connection count: 1
[2026-04-09 14:18:08] Connection count: 1
[2026-04-09 14:18:08] Video frame #87: 1920x1080, pitch=7680, FourCC=0x58524742
[2026-04-09 14:18:08] Connection count: 1
[2026-04-09 14:18:08] Connection count: 1
[2026-04-09 14:18:08] Connection count: 1
[2026-04-09 14:18:08] Video frame #88: 1920x1080, pitch=7680, FourCC=0x58524742
[2026-04-09 14:18:08] Connection count: 1
[2026-04-09 14:18:08] Video frame #89: 1920x1080, pitch=7680, FourCC=0x58524742
[2026-04-09 14:18:08] Connection count: 1
[2026-04-09 14:18:08] Connection count: 1
[2026-04-09 14:18:08] Connection count: 1
[2026-04-09 14:18:08] Video frame #90: 1920x1080, pitch=7680, FourCC=0x58524742
[2026-04-09 14:18:08] Connection count: 1
[2026-04-09 14:18:08] Connection count: 1
[2026-04-09 14:18:08] Video frame #91: 1920x1080, pitch=7680, FourCC=0x58524742
[2026-04-09 14:18:08] Connection count: 1
[2026-04-09 14:18:08] Connection count: 1
[2026-04-09 14:18:08] Connection count: 1
[2026-04-09 14:18:08] Connection count: 1
[2026-04-09 14:18:08] Video frame #92: 1920x1080, pitch=7680, FourCC=0x58524742
[2026-04-09 14:18:08] Connection count: 1
[2026-04-09 14:18:08] Connection count: 1
[2026-04-09 14:18:08] Video frame #93: 1920x1080, pitch=7680, FourCC=0x58524742
[2026-04-09 14:18:08] Connection count: 1
[2026-04-09 14:18:08] Connection count: 1
[2026-04-09 14:18:08] Connection count: 1
[2026-04-09 14:18:08] Video frame #94: 1920x1080, pitch=7680, FourCC=0x58524742
[2026-04-09 14:18:08] Connection count: 1
[2026-04-09 14:18:08] Connection count: 1
[2026-04-09 14:18:08] Video frame #95: 1920x1080, pitch=7680, FourCC=0x58524742
[2026-04-09 14:18:08] Connection count: 1
[2026-04-09 14:18:08] Connection count: 1
[2026-04-09 14:18:08] Video frame #96: 1920x1080, pitch=7680, FourCC=0x58524742
[2026-04-09 14:18:08] Connection count: 1
[2026-04-09 14:18:08] Connection count: 1
[2026-04-09 14:18:08] Connection count: 1
[2026-04-09 14:18:08] Connection count: 1
[2026-04-09 14:18:08] Video frame #97: 1920x1080, pitch=7680, FourCC=0x58524742
[2026-04-09 14:18:08] Connection count: 1
[2026-04-09 14:18:08] Connection count: 1
[2026-04-09 14:18:08] Video frame #98: 1920x1080, pitch=7680, FourCC=0x58524742
[2026-04-09 14:18:08] Connection count: 1
[2026-04-09 14:18:08] Connection count: 1
[2026-04-09 14:18:08] Connection count: 1
[2026-04-09 14:18:08] Video frame #99: 1920x1080, pitch=7680, FourCC=0x58524742
[2026-04-09 14:18:08] Connection count: 1
[2026-04-09 14:18:08] Video frame #100: 1920x1080, pitch=7680, FourCC=0x58524742
[2026-04-09 14:18:08] Connection count: 1
[2026-04-09 14:18:08] Connection count: 1
[2026-04-09 14:18:08] Connection count: 1
[2026-04-09 14:18:08] Video frame #101: 1920x1080, pitch=7680, FourCC=0x58524742
[2026-04-09 14:18:08] Connection count: 1
[2026-04-09 14:18:08] Connection count: 1
[2026-04-09 14:18:08] Connection count: 1
[2026-04-09 14:18:08] Connection count: 1
[2026-04-09 14:18:08] Video frame #102: 1920x1080, pitch=7680, FourCC=0x58524742
[2026-04-09 14:18:08] Connection count: 1
[2026-04-09 14:18:08] Connection count: 1
[2026-04-09 14:18:08] Video frame #103: 1920x1080, pitch=7680, FourCC=0x58524742
[2026-04-09 14:18:08] Connection count: 1
[2026-04-09 14:18:08] Connection count: 1
[2026-04-09 14:18:08] Connection count: 1
[2026-04-09 14:18:08] Video frame #104: 1920x1080, pitch=7680, FourCC=0x58524742
[2026-04-09 14:18:08] Connection count: 1
[2026-04-09 14:18:08] Connection count: 1
[2026-04-09 14:18:08] Video frame #105: 1920x1080, pitch=7680, FourCC=0x58524742
[2026-04-09 14:18:08] Connection count: 1
[2026-04-09 14:18:08] Connection count: 1
[2026-04-09 14:18:08] Connection count: 1
[2026-04-09 14:18:08] Video frame #106: 1920x1080, pitch=7680, FourCC=0x58524742
[2026-04-09 14:18:08] Connection count: 1
[2026-04-09 14:18:08] Connection count: 1
[2026-04-09 14:18:08] Video frame #107: 1920x1080, pitch=7680, FourCC=0x58524742
[2026-04-09 14:18:08] Connection count: 1
[2026-04-09 14:18:08] Connection count: 1
[2026-04-09 14:18:08] Connection count: 1
[2026-04-09 14:18:08] Video frame #108: 1920x1080, pitch=7680, FourCC=0x58524742
[2026-04-09 14:18:08] Connection count: 1
[2026-04-09 14:18:08] Connection count: 1
[2026-04-09 14:18:08] Video frame #109: 1920x1080, pitch=7680, FourCC=0x58524742
[2026-04-09 14:18:08] Connection count: 1
[2026-04-09 14:18:08] Connection count: 1
[2026-04-09 14:18:08] Connection count: 1
[2026-04-09 14:18:08] Video frame #110: 1920x1080, pitch=7680, FourCC=0x58524742
[2026-04-09 14:18:08] Connection count: 1
[2026-04-09 14:18:08] Connection count: 1
[2026-04-09 14:18:08] Connection count: 1
[2026-04-09 14:18:08] Video frame #111: 1920x1080, pitch=7680, FourCC=0x58524742
[2026-04-09 14:18:08] Connection count: 1
[2026-04-09 14:18:08] Connection count: 1
[2026-04-09 14:18:09] Video frame #112: 1920x1080, pitch=7680, FourCC=0x58524742
[2026-04-09 14:18:09] Connection count: 1
[2026-04-09 14:18:09] Connection count: 1
[2026-04-09 14:18:09] Connection count: 1
[2026-04-09 14:18:09] Video frame #113: 1920x1080, pitch=7680, FourCC=0x58524742
[2026-04-09 14:18:09] Connection count: 1
[2026-04-09 14:18:09] Connection count: 1
[2026-04-09 14:18:09] Video frame #114: 1920x1080, pitch=7680, FourCC=0x58524742
[2026-04-09 14:18:09] Connection count: 1
[2026-04-09 14:18:09] Connection count: 1
[2026-04-09 14:18:09] Connection count: 1
[2026-04-09 14:18:09] Video frame #115: 1920x1080, pitch=7680, FourCC=0x58524742
[2026-04-09 14:18:09] Connection count: 1
[2026-04-09 14:18:09] Connection count: 1
[2026-04-09 14:18:09] Video frame #116: 1920x1080, pitch=7680, FourCC=0x58524742
[2026-04-09 14:18:09] Connection count: 1
[2026-04-09 14:18:09] Connection count: 1
[2026-04-09 14:18:09] Connection count: 1
[2026-04-09 14:18:09] Video frame #117: 1920x1080, pitch=7680, FourCC=0x58524742
[2026-04-09 14:18:09] Connection count: 1
[2026-04-09 14:18:09] Connection count: 1
[2026-04-09 14:18:09] Connection count: 1
[2026-04-09 14:18:09] Video frame #118: 1920x1080, pitch=7680, FourCC=0x58524742
[2026-04-09 14:18:09] Connection count: 1
[2026-04-09 14:18:09] Connection count: 1
[2026-04-09 14:18:09] Video frame #119: 1920x1080, pitch=7680, FourCC=0x58524742
[2026-04-09 14:18:09] Connection count: 1
[2026-04-09 14:18:09] Connection count: 1
[2026-04-09 14:18:09] Connection count: 1
[2026-04-09 14:18:09] Video frame #120: 1920x1080, pitch=7680, FourCC=0x58524742
[2026-04-09 14:18:09] Connection count: 1
[2026-04-09 14:18:09] Connection count: 1
[2026-04-09 14:18:09] Video frame #121: 1920x1080, pitch=7680, FourCC=0x58524742
[2026-04-09 14:18:09] Connection count: 1
[2026-04-09 14:18:09] Connection count: 1
[2026-04-09 14:18:09] Connection count: 1
[2026-04-09 14:18:09] Video frame #122: 1920x1080, pitch=7680, FourCC=0x58524742
[2026-04-09 14:18:09] Connection count: 1
[2026-04-09 14:18:09] Connection count: 1
[2026-04-09 14:18:09] Video frame #123: 1920x1080, pitch=7680, FourCC=0x58524742
[2026-04-09 14:18:09] Connection count: 1
[2026-04-09 14:18:09] Connection count: 1
[2026-04-09 14:18:09] Connection count: 1
[2026-04-09 14:18:09] Video frame #124: 1920x1080, pitch=7680, FourCC=0x58524742
[2026-04-09 14:18:09] Connection count: 1
[2026-04-09 14:18:09] Connection count: 1
[2026-04-09 14:18:09] Connection count: 1
[2026-04-09 14:18:09] Video frame #125: 1920x1080, pitch=7680, FourCC=0x58524742
[2026-04-09 14:18:09] Connection count: 1
[2026-04-09 14:18:09] Connection count: 1
[2026-04-09 14:18:09] Video frame #126: 1920x1080, pitch=7680, FourCC=0x58524742
[2026-04-09 14:18:09] Connection count: 1
[2026-04-09 14:18:09] Connection count: 1
[2026-04-09 14:18:09] Connection count: 1
[2026-04-09 14:18:09] Video frame #127: 1920x1080, pitch=7680, FourCC=0x58524742
[2026-04-09 14:18:09] Connection count: 1
[2026-04-09 14:18:09] Connection count: 1
[2026-04-09 14:18:09] Video frame #128: 1920x1080, pitch=7680, FourCC=0x58524742
[2026-04-09 14:18:09] Connection count: 1
[2026-04-09 14:18:09] Connection count: 1
[2026-04-09 14:18:09] Connection count: 1
[2026-04-09 14:18:09] Video frame #129: 1920x1080, pitch=7680, FourCC=0x58524742
[2026-04-09 14:18:09] Connection count: 1
[2026-04-09 14:18:09] Connection count: 1
[2026-04-09 14:18:09] Video frame #130: 1920x1080, pitch=7680, FourCC=0x58524742
[2026-04-09 14:18:09] Connection count: 1
[2026-04-09 14:18:09] Connection count: 1
[2026-04-09 14:18:09] Connection count: 1
[2026-04-09 14:18:09] Video frame #131: 1920x1080, pitch=7680, FourCC=0x58524742
[2026-04-09 14:18:09] Connection count: 1
[2026-04-09 14:18:09] Connection count: 1
[2026-04-09 14:18:09] Video frame #132: 1920x1080, pitch=7680, FourCC=0x58524742
[2026-04-09 14:18:09] Connection count: 1
[2026-04-09 14:18:09] Connection count: 1
[2026-04-09 14:18:09] Connection count: 1
[2026-04-09 14:18:09] Video frame #133: 1920x1080, pitch=7680, FourCC=0x58524742
[2026-04-09 14:18:09] Connection count: 1
[2026-04-09 14:18:09] Connection count: 1
[2026-04-09 14:18:09] Connection count: 1
[2026-04-09 14:18:09] Video frame #134: 1920x1080, pitch=7680, FourCC=0x58524742
[2026-04-09 14:18:09] Connection count: 1
[2026-04-09 14:18:09] Connection count: 1
[2026-04-09 14:18:09] Video frame #135: 1920x1080, pitch=7680, FourCC=0x58524742
[2026-04-09 14:18:09] Connection count: 1
[2026-04-09 14:18:09] Connection count: 1
[2026-04-09 14:18:09] Connection count: 1
[2026-04-09 14:18:09] Video frame #136: 1920x1080, pitch=7680, FourCC=0x58524742
[2026-04-09 14:18:09] Connection count: 1
[2026-04-09 14:18:09] Connection count: 1
[2026-04-09 14:18:09] Video frame #137: 1920x1080, pitch=7680, FourCC=0x58524742
[2026-04-09 14:18:09] Connection count: 1
[2026-04-09 14:18:09] Connection count: 1
[2026-04-09 14:18:09] Connection count: 1
[2026-04-09 14:18:09] Video frame #138: 1920x1080, pitch=7680, FourCC=0x58524742
[2026-04-09 14:18:09] Connection count: 1
[2026-04-09 14:18:09] Connection count: 1
[2026-04-09 14:18:09] Video frame #139: 1920x1080, pitch=7680, FourCC=0x58524742
[2026-04-09 14:18:09] Connection count: 1
[2026-04-09 14:18:09] Connection count: 1
[2026-04-09 14:18:09] Connection count: 1
[2026-04-09 14:18:09] Video frame #140: 1920x1080, pitch=7680, FourCC=0x58524742
[2026-04-09 14:18:09] Connection count: 1
[2026-04-09 14:18:09] Connection count: 1
[2026-04-09 14:18:09] Video frame #141: 1920x1080, pitch=7680, FourCC=0x58524742
[2026-04-09 14:18:09] Connection count: 1
[2026-04-09 14:18:09] Connection count: 1
[2026-04-09 14:18:09] Connection count: 1
[2026-04-09 14:18:09] Video frame #142: 1920x1080, pitch=7680, FourCC=0x58524742
[2026-04-09 14:18:10] Connection count: 1
[2026-04-09 14:18:10] Connection count: 1
[2026-04-09 14:18:10] Connection count: 1
[2026-04-09 14:18:10] Video frame #143: 1920x1080, pitch=7680, FourCC=0x58524742
[2026-04-09 14:18:10] Connection count: 1
[2026-04-09 14:18:10] Connection count: 1
[2026-04-09 14:18:10] Video frame #144: 1920x1080, pitch=7680, FourCC=0x58524742
[2026-04-09 14:18:10] Connection count: 1
[2026-04-09 14:18:10] Connection count: 1
[2026-04-09 14:18:10] Connection count: 1
[2026-04-09 14:18:10] Video frame #145: 1920x1080, pitch=7680, FourCC=0x58524742
[2026-04-09 14:18:10] Connection count: 1
[2026-04-09 14:18:10] Connection count: 1
[2026-04-09 14:18:10] Video frame #146: 1920x1080, pitch=7680, FourCC=0x58524742
[2026-04-09 14:18:10] Connection count: 1
[2026-04-09 14:18:10] Connection count: 1
[2026-04-09 14:18:10] Connection count: 1
[2026-04-09 14:18:10] Video frame #147: 1920x1080, pitch=7680, FourCC=0x58524742
[2026-04-09 14:18:10] Connection count: 1
[2026-04-09 14:18:10] Connection count: 1
[2026-04-09 14:18:10] Video frame #148: 1920x1080, pitch=7680, FourCC=0x58524742
[2026-04-09 14:18:10] Connection count: 1
[2026-04-09 14:18:10] Connection count: 1
[2026-04-09 14:18:10] Connection count: 1
[2026-04-09 14:18:10] Video frame #149: 1920x1080, pitch=7680, FourCC=0x58524742
[2026-04-09 14:18:10] Connection count: 1
[2026-04-09 14:18:10] Connection count: 1
[2026-04-09 14:18:10] Connection count: 1
[2026-04-09 14:18:10] Video frame #150: 1920x1080, pitch=7680, FourCC=0x58524742
[2026-04-09 14:18:10] Connection count: 1
[2026-04-09 14:18:10] Connection count: 1
[2026-04-09 14:18:10] Video frame #151: 1920x1080, pitch=7680, FourCC=0x58524742
[2026-04-09 14:18:10] Connection count: 1
[2026-04-09 14:18:10] Connection count: 1
[2026-04-09 14:18:10] Connection count: 1
[2026-04-09 14:18:10] Video frame #152: 1920x1080, pitch=7680, FourCC=0x58524742
[2026-04-09 14:18:10] Connection count: 1
[2026-04-09 14:18:10] Connection count: 1
[2026-04-09 14:18:10] Video frame #153: 1920x1080, pitch=7680, FourCC=0x58524742
[2026-04-09 14:18:10] Connection count: 1
[2026-04-09 14:18:10] Connection count: 1
[2026-04-09 14:18:10] Connection count: 1
[2026-04-09 14:18:10] Video frame #154: 1920x1080, pitch=7680, FourCC=0x58524742
[2026-04-09 14:18:10] Connection count: 1
[2026-04-09 14:18:10] Connection count: 1
[2026-04-09 14:18:10] Video frame #155: 1920x1080, pitch=7680, FourCC=0x58524742
[2026-04-09 14:18:10] Connection count: 1
[2026-04-09 14:18:10] Connection count: 1
[2026-04-09 14:18:10] Connection count: 1
[2026-04-09 14:18:10] Video frame #156: 1920x1080, pitch=7680, FourCC=0x58524742
[2026-04-09 14:18:10] Connection count: 1
[2026-04-09 14:18:10] Connection count: 1
[2026-04-09 14:18:10] Video frame #157: 1920x1080, pitch=7680, FourCC=0x58524742
[2026-04-09 14:18:10] Connection count: 1
[2026-04-09 14:18:10] Connection count: 1
[2026-04-09 14:18:10] Connection count: 1
[2026-04-09 14:18:10] Video frame #158: 1920x1080, pitch=7680, FourCC=0x58524742
[2026-04-09 14:18:10] Connection count: 1
[2026-04-09 14:18:10] Connection count: 1
[2026-04-09 14:18:10] Connection count: 1
[2026-04-09 14:18:10] Video frame #159: 1920x1080, pitch=7680, FourCC=0x58524742
[2026-04-09 14:18:10] Connection count: 1
[2026-04-09 14:18:10] Connection count: 1
[2026-04-09 14:18:10] Video frame #160: 1920x1080, pitch=7680, FourCC=0x58524742
[2026-04-09 14:18:10] Connection count: 1
[2026-04-09 14:18:10] Connection count: 1
[2026-04-09 14:18:10] Connection count: 1
[2026-04-09 14:18:10] Video frame #161: 1920x1080, pitch=7680, FourCC=0x58524742
[2026-04-09 14:18:10] Connection count: 1
[2026-04-09 14:18:10] Connection count: 1
[2026-04-09 14:18:10] Video frame #162: 1920x1080, pitch=7680, FourCC=0x58524742
[2026-04-09 14:18:10] Connection count: 1
[2026-04-09 14:18:10] Connection count: 1
[2026-04-09 14:18:10] Connection count: 1
[2026-04-09 14:18:10] Video frame #163: 1920x1080, pitch=7680, FourCC=0x58524742
[2026-04-09 14:18:10] Connection count: 1
[2026-04-09 14:18:10] Connection count: 1
[2026-04-09 14:18:10] Video frame #164: 1920x1080, pitch=7680, FourCC=0x58524742
[2026-04-09 14:18:10] Connection count: 1
[2026-04-09 14:18:10] Connection count: 1
[2026-04-09 14:18:10] Connection count: 1
[2026-04-09 14:18:10] Video frame #165: 1920x1080, pitch=7680, FourCC=0x58524742
[2026-04-09 14:18:10] Connection count: 1
[2026-04-09 14:18:10] Connection count: 1
[2026-04-09 14:18:10] Connection count: 1
[2026-04-09 14:18:10] Video frame #166: 1920x1080, pitch=7680, FourCC=0x58524742
[2026-04-09 14:18:10] Connection count: 1
[2026-04-09 14:18:10] Connection count: 1
[2026-04-09 14:18:10] Video frame #167: 1920x1080, pitch=7680, FourCC=0x58524742
[2026-04-09 14:18:10] Connection count: 1
[2026-04-09 14:18:11] Connection count: 1
[2026-04-09 14:18:11] Connection count: 1
[2026-04-09 14:18:11] Video frame #168: 1920x1080, pitch=7680, FourCC=0x58524742
[2026-04-09 14:18:11] Connection count: 1
[2026-04-09 14:18:11] Connection count: 1
[2026-04-09 14:18:11] Video frame #169: 1920x1080, pitch=7680, FourCC=0x58524742
[2026-04-09 14:18:11] Connection count: 1
[2026-04-09 14:18:11] Connection count: 1
[2026-04-09 14:18:11] Connection count: 1
[2026-04-09 14:18:11] Video frame #170: 1920x1080, pitch=7680, FourCC=0x58524742
[2026-04-09 14:18:11] Connection count: 1
[2026-04-09 14:18:11] Connection count: 1
[2026-04-09 14:18:11] Video frame #171: 1920x1080, pitch=7680, FourCC=0x58524742
[2026-04-09 14:18:11] Connection count: 1
[2026-04-09 14:18:11] Connection count: 1
[2026-04-09 14:18:11] Connection count: 1
[2026-04-09 14:18:11] Video frame #172: 1920x1080, pitch=7680, FourCC=0x58524742
[2026-04-09 14:18:11] Connection count: 1
[2026-04-09 14:18:11] Connection count: 1
[2026-04-09 14:18:11] Video frame #173: 1920x1080, pitch=7680, FourCC=0x58524742
[2026-04-09 14:18:11] Connection count: 1
[2026-04-09 14:18:11] Connection count: 1
[2026-04-09 14:18:11] Connection count: 1
[2026-04-09 14:18:11] Video frame #174: 1920x1080, pitch=7680, FourCC=0x58524742
[2026-04-09 14:18:11] Connection count: 1
[2026-04-09 14:18:11] Video frame #175: 1920x1080, pitch=7680, FourCC=0x58524742
[2026-04-09 14:18:11] Connection count: 1
[2026-04-09 14:18:11] Connection count: 1
[2026-04-09 14:18:11] Connection count: 1
[2026-04-09 14:18:11] Connection count: 1
[2026-04-09 14:18:11] Video frame #176: 1920x1080, pitch=7680, FourCC=0x58524742
[2026-04-09 14:18:11] Connection count: 1
[2026-04-09 14:18:11] Connection count: 1
[2026-04-09 14:18:11] Connection count: 1
[2026-04-09 14:18:11] Video frame #177: 1920x1080, pitch=7680, FourCC=0x58524742
[2026-04-09 14:18:11] Connection count: 1
[2026-04-09 14:18:11] Connection count: 1
[2026-04-09 14:18:11] Video frame #178: 1920x1080, pitch=7680, FourCC=0x58524742
[2026-04-09 14:18:11] Connection count: 1
[2026-04-09 14:18:11] Connection count: 1
[2026-04-09 14:18:11] Connection count: 1
[2026-04-09 14:18:11] Video frame #179: 1920x1080, pitch=7680, FourCC=0x58524742
[2026-04-09 14:18:11] Connection count: 1
[2026-04-09 14:18:11] Connection count: 1
[2026-04-09 14:18:11] Video frame #180: 1920x1080, pitch=7680, FourCC=0x58524742
[2026-04-09 14:18:11] Connection count: 1
[2026-04-09 14:18:11] Connection count: 1
[2026-04-09 14:18:11] Connection count: 1
[2026-04-09 14:18:11] Video frame #181: 1920x1080, pitch=7680, FourCC=0x58524742
[2026-04-09 14:18:11] Connection count: 1
[2026-04-09 14:18:11] Connection count: 1
[2026-04-09 14:18:11] Connection count: 1
[2026-04-09 14:18:11] Video frame #182: 1920x1080, pitch=7680, FourCC=0x58524742
[2026-04-09 14:18:11] Connection count: 1
[2026-04-09 14:18:11] Connection count: 1
[2026-04-09 14:18:11] Video frame #183: 1920x1080, pitch=7680, FourCC=0x58524742
[2026-04-09 14:18:11] Connection count: 1
[2026-04-09 14:18:11] Connection count: 1
[2026-04-09 14:18:11] Connection count: 1
[2026-04-09 14:18:11] Video frame #184: 1920x1080, pitch=7680, FourCC=0x58524742
[2026-04-09 14:18:11] Connection count: 1
[2026-04-09 14:18:11] Connection count: 1
[2026-04-09 14:18:11] Video frame #185: 1920x1080, pitch=7680, FourCC=0x58524742
[2026-04-09 14:18:11] Connection count: 1
[2026-04-09 14:18:11] Connection count: 1
[2026-04-09 14:18:11] Connection count: 1
[2026-04-09 14:18:11] Video frame #186: 1920x1080, pitch=7680, FourCC=0x58524742
[2026-04-09 14:18:11] Connection count: 1
[2026-04-09 14:18:11] Connection count: 1
[2026-04-09 14:18:11] Video frame #187: 1920x1080, pitch=7680, FourCC=0x58524742
[2026-04-09 14:18:11] Connection count: 1
[2026-04-09 14:18:11] Connection count: 1
[2026-04-09 14:18:11] Connection count: 1
[2026-04-09 14:18:11] Video frame #188: 1920x1080, pitch=7680, FourCC=0x58524742
[2026-04-09 14:18:11] Connection count: 1
[2026-04-09 14:18:11] Connection count: 1
[2026-04-09 14:18:11] Video frame #189: 1920x1080, pitch=7680, FourCC=0x58524742
[2026-04-09 14:18:11] Connection count: 1
[2026-04-09 14:18:11] Connection count: 1
[2026-04-09 14:18:11] Connection count: 1
[2026-04-09 14:18:11] Video frame #190: 1920x1080, pitch=7680, FourCC=0x58524742
[2026-04-09 14:18:11] Connection count: 1
[2026-04-09 14:18:11] Connection count: 1
[2026-04-09 14:18:11] Connection count: 1
[2026-04-09 14:18:11] Video frame #191: 1920x1080, pitch=7680, FourCC=0x58524742
[2026-04-09 14:18:11] Connection count: 1
[2026-04-09 14:18:11] Connection count: 1
[2026-04-09 14:18:11] Video frame #192: 1920x1080, pitch=7680, FourCC=0x58524742
[2026-04-09 14:18:11] Connection count: 1
[2026-04-09 14:18:11] Connection count: 1
[2026-04-09 14:18:11] Connection count: 1
[2026-04-09 14:18:11] Video frame #193: 1920x1080, pitch=7680, FourCC=0x58524742
[2026-04-09 14:18:11] Connection count: 1
[2026-04-09 14:18:12] Connection count: 1
[2026-04-09 14:18:12] Video frame #194: 1920x1080, pitch=7680, FourCC=0x58524742
[2026-04-09 14:18:12] Connection count: 1
[2026-04-09 14:18:12] Connection count: 1
[2026-04-09 14:18:12] Video frame #195: 1920x1080, pitch=7680, FourCC=0x58524742
[2026-04-09 14:18:12] Connection count: 1
[2026-04-09 14:18:12] Connection count: 1
[2026-04-09 14:18:12] Connection count: 1
[2026-04-09 14:18:12] Video frame #196: 1920x1080, pitch=7680, FourCC=0x58524742
[2026-04-09 14:18:12] Connection count: 1
[2026-04-09 14:18:12] Connection count: 1
[2026-04-09 14:18:12] Connection count: 1
[2026-04-09 14:18:12] Video frame #197: 1920x1080, pitch=7680, FourCC=0x58524742
[2026-04-09 14:18:12] Connection count: 1
[2026-04-09 14:18:12] Connection count: 1
[2026-04-09 14:18:12] Connection count: 1
[2026-04-09 14:18:12] Video frame #198: 1920x1080, pitch=7680, FourCC=0x58524742
[2026-04-09 14:18:12] Connection count: 1
[2026-04-09 14:18:12] Connection count: 1
[2026-04-09 14:18:12] Video frame #199: 1920x1080, pitch=7680, FourCC=0x58524742
[2026-04-09 14:18:12] Connection count: 1
[2026-04-09 14:18:12] Connection count: 1
[2026-04-09 14:18:12] Connection count: 1
[2026-04-09 14:18:12] Video frame #200: 1920x1080, pitch=7680, FourCC=0x58524742
[2026-04-09 14:18:12] Connection count: 1
[2026-04-09 14:18:12] Queue depth: video=0, audio=0
[2026-04-09 14:18:12] Connection count: 1
[2026-04-09 14:18:12] Queue depth: video=0, audio=0
[2026-04-09 14:18:12] Video frame #201: 1920x1080, pitch=7680, FourCC=0x58524742
[2026-04-09 14:18:12] Connection count: 1
[2026-04-09 14:18:12] Connection count: 1
[2026-04-09 14:18:12] Connection count: 1
[2026-04-09 14:18:12] Video frame #202: 1920x1080, pitch=7680, FourCC=0x58524742
[2026-04-09 14:18:12] Connection count: 1
[2026-04-09 14:18:12] Connection count: 1
[2026-04-09 14:18:12] Video frame #203: 1920x1080, pitch=7680, FourCC=0x58524742
[2026-04-09 14:18:12] Connection count: 1
[2026-04-09 14:18:12] Connection count: 1
[2026-04-09 14:18:12] Connection count: 1
[2026-04-09 14:18:12] Video frame #204: 1920x1080, pitch=7680, FourCC=0x58524742
[2026-04-09 14:18:12] Connection count: 1
[2026-04-09 14:18:12] Connection count: 1
[2026-04-09 14:18:12] Connection count: 1
[2026-04-09 14:18:12] Video frame #205: 1920x1080, pitch=7680, FourCC=0x58524742
[2026-04-09 14:18:12] Connection count: 1
[2026-04-09 14:18:12] Connection count: 1
[2026-04-09 14:18:12] Video frame #206: 1920x1080, pitch=7680, FourCC=0x58524742
[2026-04-09 14:18:12] Connection count: 1
[2026-04-09 14:18:12] Connection count: 1
[2026-04-09 14:18:12] Connection count: 1
[2026-04-09 14:18:12] Video frame #207: 1920x1080, pitch=7680, FourCC=0x58524742
[2026-04-09 14:18:12] Connection count: 0
[2026-04-09 14:18:12] Connection count: 0
[2026-04-09 14:18:12] Video frame #208: 1920x1080, pitch=7680, FourCC=0x58524742
[2026-04-09 14:18:12] Connection count: 0
[2026-04-09 14:18:12] Connection count: 0
[2026-04-09 14:18:12] Connection count: 0
[2026-04-09 14:18:12] Video frame #209: 1920x1080, pitch=7680, FourCC=0x58524742
[2026-04-09 14:18:12] Connection count: 0
[2026-04-09 14:18:12] Connection count: 0
[2026-04-09 14:18:12] Video frame #210: 1920x1080, pitch=7680, FourCC=0x58524742
[2026-04-09 14:18:12] Connection count: 0
[2026-04-09 14:18:12] Connection count: 0
[2026-04-09 14:18:13] === Application shutting down ===
[2026-04-09 14:18:16] === Application started ===
[2026-04-09 14:18:20] Creating receiver: color_format=BGRX_BGRA, bandwidth=highest
[2026-04-09 14:18:20] Waiting for connection...
[2026-04-09 14:18:20] Connection established (waited 100ms)
[2026-04-09 14:18:20] Entering receive loop
[2026-04-09 14:18:20] Connection count: 1
[2026-04-09 14:18:20] Timeout waiting for frames (video=0, audio=0)...
[2026-04-09 14:18:20] Connection count: 1
[2026-04-09 14:18:20] Metadata: <ndi_tally_echo on_program="false" on_preview="true"/>
[2026-04-09 14:18:20] Connection count: 1
[2026-04-09 14:18:25] Timeout waiting for frames (video=0, audio=1)...
[2026-04-09 14:18:35] Connection lost: no frames for 15s (video=0, audio=1)
[2026-04-09 14:18:35] === Application shutting down ===
[2026-04-09 14:18:56] === Application started ===
[2026-04-09 14:19:00] Creating receiver: color_format=BGRX_BGRA, bandwidth=highest
[2026-04-09 14:19:00] Waiting for connection...
[2026-04-09 14:19:00] Connection established (waited 100ms)
[2026-04-09 14:19:00] Entering receive loop
[2026-04-09 14:19:00] Connection count: 1
[2026-04-09 14:19:00] Timeout waiting for frames (video=0, audio=0)...
[2026-04-09 14:19:00] Metadata: <ndi_capabilities ntk_registration="NDI-HX-PTZO-PTZ-V1" ntk_ptz="true" web_control="http://10.1.10.212"/>
[2026-04-09 14:19:00] Metadata: <ndi_tally_echo on_program="false" on_preview="true"/>
[2026-04-09 14:19:00] Metadata:  
[2026-04-09 14:19:00] Metadata: <ndi_tally_echo on_program="false" on_preview="false"/>
[2026-04-09 14:19:00] Video frame #1: 1920x1080, pitch=7680, FourCC=0x58524742
[2026-04-09 14:19:00] Connection count: 1
[2026-04-09 14:19:00] Video frame #2: 1920x1080, pitch=7680, FourCC=0x58524742
[2026-04-09 14:19:00] Connection count: 1
[2026-04-09 14:19:00] Video frame #3: 1920x1080, pitch=7680, FourCC=0x58524742
[2026-04-09 14:19:00] Connection count: 1
[2026-04-09 14:19:00] Video frame #4: 1920x1080, pitch=7680, FourCC=0x58524742
[2026-04-09 14:19:00] Connection count: 1
[2026-04-09 14:19:00] Video frame #5: 1920x1080, pitch=7680, FourCC=0x58524742
[2026-04-09 14:19:00] Connection count: 1
[2026-04-09 14:19:00] Video frame #6: 1920x1080, pitch=7680, FourCC=0x58524742
[2026-04-09 14:19:01] Connection count: 1
[2026-04-09 14:19:01] Video frame #7: 1920x1080, pitch=7680, FourCC=0x58524742
[2026-04-09 14:19:01] Connection count: 1
[2026-04-09 14:19:01] Video frame #8: 1920x1080, pitch=7680, FourCC=0x58524742
[2026-04-09 14:19:01] Connection count: 1
[2026-04-09 14:19:01] Video frame #9: 1920x1080, pitch=7680, FourCC=0x58524742
[2026-04-09 14:19:01] Connection count: 1
[2026-04-09 14:19:01] Video frame #10: 1920x1080, pitch=7680, FourCC=0x58524742
[2026-04-09 14:19:01] Connection count: 1
[2026-04-09 14:19:01] Video frame #11: 1920x1080, pitch=7680, FourCC=0x58524742
[2026-04-09 14:19:01] Connection count: 1
[2026-04-09 14:19:01] Video frame #12: 1920x1080, pitch=7680, FourCC=0x58524742
[2026-04-09 14:19:01] Connection count: 1
[2026-04-09 14:19:01] Video frame #13: 1920x1080, pitch=7680, FourCC=0x58524742
[2026-04-09 14:19:01] Connection count: 1
[2026-04-09 14:19:01] Video frame #14: 1920x1080, pitch=7680, FourCC=0x58524742
[2026-04-09 14:19:01] Connection count: 1
[2026-04-09 14:19:01] Video frame #15: 1920x1080, pitch=7680, FourCC=0x58524742
[2026-04-09 14:19:01] Connection count: 1
[2026-04-09 14:19:01] Video frame #16: 1920x1080, pitch=7680, FourCC=0x58524742
[2026-04-09 14:19:01] Connection count: 1
[2026-04-09 14:19:01] Video frame #17: 1920x1080, pitch=7680, FourCC=0x58524742
[2026-04-09 14:19:01] Connection count: 1
[2026-04-09 14:19:01] Video frame #18: 1920x1080, pitch=7680, FourCC=0x58524742
[2026-04-09 14:19:01] Connection count: 1
[2026-04-09 14:19:01] Video frame #19: 1920x1080, pitch=7680, FourCC=0x58524742
[2026-04-09 14:19:01] Connection count: 1
[2026-04-09 14:19:01] Video frame #20: 1920x1080, pitch=7680, FourCC=0x58524742
[2026-04-09 14:19:01] Connection count: 1
[2026-04-09 14:19:01] Video frame #21: 1920x1080, pitch=7680, FourCC=0x58524742
[2026-04-09 14:19:01] Connection count: 1
[2026-04-09 14:19:01] Video frame #22: 1920x1080, pitch=7680, FourCC=0x58524742
[2026-04-09 14:19:01] Connection count: 1
[2026-04-09 14:19:01] Video frame #23: 1920x1080, pitch=7680, FourCC=0x58524742
[2026-04-09 14:19:01] Connection count: 1
[2026-04-09 14:19:01] Video frame #24: 1920x1080, pitch=7680, FourCC=0x58524742
[2026-04-09 14:19:01] Connection count: 1
[2026-04-09 14:19:01] Video frame #25: 1920x1080, pitch=7680, FourCC=0x58524742
[2026-04-09 14:19:01] Connection count: 1
[2026-04-09 14:19:01] Video frame #26: 1920x1080, pitch=7680, FourCC=0x58524742
[2026-04-09 14:19:01] Connection count: 1
[2026-04-09 14:19:01] Video frame #27: 1920x1080, pitch=7680, FourCC=0x58524742
[2026-04-09 14:19:01] Connection count: 1
[2026-04-09 14:19:01] Video frame #28: 1920x1080, pitch=7680, FourCC=0x58524742
[2026-04-09 14:19:01] Connection count: 1
[2026-04-09 14:19:01] Video frame #29: 1920x1080, pitch=7680, FourCC=0x58524742
[2026-04-09 14:19:01] Connection count: 1
[2026-04-09 14:19:01] Video frame #30: 1920x1080, pitch=7680, FourCC=0x58524742
[2026-04-09 14:19:01] Connection count: 1
[2026-04-09 14:19:01] Video frame #31: 1920x1080, pitch=7680, FourCC=0x58524742
[2026-04-09 14:19:01] Connection count: 1
[2026-04-09 14:19:01] Video frame #32: 1920x1080, pitch=7680, FourCC=0x58524742
[2026-04-09 14:19:01] Connection count: 1
[2026-04-09 14:19:01] Video frame #33: 1920x1080, pitch=7680, FourCC=0x58524742
[2026-04-09 14:19:01] Connection count: 1
[2026-04-09 14:19:01] Video frame #34: 1920x1080, pitch=7680, FourCC=0x58524742
[2026-04-09 14:19:01] Connection count: 1
[2026-04-09 14:19:01] Video frame #35: 1920x1080, pitch=7680, FourCC=0x58524742
[2026-04-09 14:19:01] Connection count: 1
[2026-04-09 14:19:01] Video frame #36: 1920x1080, pitch=7680, FourCC=0x58524742
[2026-04-09 14:19:02] Connection count: 1
[2026-04-09 14:19:02] Video frame #37: 1920x1080, pitch=7680, FourCC=0x58524742
[2026-04-09 14:19:02] Connection count: 1
[2026-04-09 14:19:02] Video frame #38: 1920x1080, pitch=7680, FourCC=0x58524742
[2026-04-09 14:19:02] Connection count: 1
[2026-04-09 14:19:02] Video frame #39: 1920x1080, pitch=7680, FourCC=0x58524742
[2026-04-09 14:19:02] Connection count: 1
[2026-04-09 14:19:02] Video frame #40: 1920x1080, pitch=7680, FourCC=0x58524742
[2026-04-09 14:19:02] Connection count: 1
[2026-04-09 14:19:02] Video frame #41: 1920x1080, pitch=7680, FourCC=0x58524742
[2026-04-09 14:19:02] Connection count: 1
[2026-04-09 14:19:02] Video frame #42: 1920x1080, pitch=7680, FourCC=0x58524742
[2026-04-09 14:19:02] Connection count: 1
[2026-04-09 14:19:02] Video frame #43: 1920x1080, pitch=7680, FourCC=0x58524742
[2026-04-09 14:19:02] Connection count: 1
[2026-04-09 14:19:02] Video frame #44: 1920x1080, pitch=7680, FourCC=0x58524742
[2026-04-09 14:19:02] Connection count: 1
[2026-04-09 14:19:02] Video frame #45: 1920x1080, pitch=7680, FourCC=0x58524742
[2026-04-09 14:19:02] Connection count: 1
[2026-04-09 14:19:02] Video frame #46: 1920x1080, pitch=7680, FourCC=0x58524742
[2026-04-09 14:19:02] Connection count: 1
[2026-04-09 14:19:02] Video frame #47: 1920x1080, pitch=7680, FourCC=0x58524742
[2026-04-09 14:19:02] Connection count: 1
[2026-04-09 14:19:02] Video frame #48: 1920x1080, pitch=7680, FourCC=0x58524742
[2026-04-09 14:19:02] Connection count: 1
[2026-04-09 14:19:02] Video frame #49: 1920x1080, pitch=7680, FourCC=0x58524742
[2026-04-09 14:19:02] Connection count: 1
[2026-04-09 14:19:02] Video frame #50: 1920x1080, pitch=7680, FourCC=0x58524742
[2026-04-09 14:19:02] Connection count: 1
[2026-04-09 14:19:02] Video frame #51: 1920x1080, pitch=7680, FourCC=0x58524742
[2026-04-09 14:19:02] Connection count: 1
[2026-04-09 14:19:02] Video frame #52: 1920x1080, pitch=7680, FourCC=0x58524742
[2026-04-09 14:19:02] Connection count: 1
[2026-04-09 14:19:02] Video frame #53: 1920x1080, pitch=7680, FourCC=0x58524742
[2026-04-09 14:19:02] Connection count: 1
[2026-04-09 14:19:02] Video frame #54: 1920x1080, pitch=7680, FourCC=0x58524742
[2026-04-09 14:19:02] Connection count: 1
[2026-04-09 14:19:02] Video frame #55: 1920x1080, pitch=7680, FourCC=0x58524742
[2026-04-09 14:19:02] Connection count: 1
[2026-04-09 14:19:02] Video frame #56: 1920x1080, pitch=7680, FourCC=0x58524742
[2026-04-09 14:19:02] Connection count: 1
[2026-04-09 14:19:02] Video frame #57: 1920x1080, pitch=7680, FourCC=0x58524742
[2026-04-09 14:19:02] Connection count: 1
[2026-04-09 14:19:02] Video frame #58: 1920x1080, pitch=7680, FourCC=0x58524742
[2026-04-09 14:19:02] Connection count: 1
[2026-04-09 14:19:02] Video frame #59: 1920x1080, pitch=7680, FourCC=0x58524742
[2026-04-09 14:19:02] Connection count: 1
[2026-04-09 14:19:02] Video frame #60: 1920x1080, pitch=7680, FourCC=0x58524742
[2026-04-09 14:19:02] Connection count: 1
[2026-04-09 14:19:02] Video frame #61: 1920x1080, pitch=7680, FourCC=0x58524742
[2026-04-09 14:19:02] Connection count: 1
[2026-04-09 14:19:02] Video frame #62: 1920x1080, pitch=7680, FourCC=0x58524742
[2026-04-09 14:19:02] Connection count: 1
[2026-04-09 14:19:02] Video frame #63: 1920x1080, pitch=7680, FourCC=0x58524742
[2026-04-09 14:19:02] Connection count: 1
[2026-04-09 14:19:02] Video frame #64: 1920x1080, pitch=7680, FourCC=0x58524742
[2026-04-09 14:19:02] Connection count: 1
[2026-04-09 14:19:02] Video frame #65: 1920x1080, pitch=7680, FourCC=0x58524742
[2026-04-09 14:19:02] Connection count: 1
[2026-04-09 14:19:02] Video frame #66: 1920x1080, pitch=7680, FourCC=0x58524742
[2026-04-09 14:19:03] Connection count: 1
[2026-04-09 14:19:03] Video frame #67: 1920x1080, pitch=7680, FourCC=0x58524742
[2026-04-09 14:19:03] Connection count: 1
[2026-04-09 14:19:03] Video frame #68: 1920x1080, pitch=7680, FourCC=0x58524742
[2026-04-09 14:19:03] Connection count: 1
[2026-04-09 14:19:03] Video frame #69: 1920x1080, pitch=7680, FourCC=0x58524742
[2026-04-09 14:19:03] Connection count: 1
[2026-04-09 14:19:03] Video frame #70: 1920x1080, pitch=7680, FourCC=0x58524742
[2026-04-09 14:19:03] Connection count: 1
[2026-04-09 14:19:03] Video frame #71: 1920x1080, pitch=7680, FourCC=0x58524742
[2026-04-09 14:19:03] Connection count: 1
[2026-04-09 14:19:03] Video frame #72: 1920x1080, pitch=7680, FourCC=0x58524742
[2026-04-09 14:19:03] Connection count: 1
[2026-04-09 14:19:03] Video frame #73: 1920x1080, pitch=7680, FourCC=0x58524742
[2026-04-09 14:19:03] Connection count: 1
[2026-04-09 14:19:03] Video frame #74: 1920x1080, pitch=7680, FourCC=0x58524742
[2026-04-09 14:19:03] Connection count: 1
[2026-04-09 14:19:03] Video frame #75: 1920x1080, pitch=7680, FourCC=0x58524742
[2026-04-09 14:19:03] Connection count: 1
[2026-04-09 14:19:03] Video frame #76: 1920x1080, pitch=7680, FourCC=0x58524742
[2026-04-09 14:19:03] Connection count: 1
[2026-04-09 14:19:03] Video frame #77: 1920x1080, pitch=7680, FourCC=0x58524742
[2026-04-09 14:19:03] Connection count: 1
[2026-04-09 14:19:03] Video frame #78: 1920x1080, pitch=7680, FourCC=0x58524742
[2026-04-09 14:19:03] Connection count: 1
[2026-04-09 14:19:03] Video frame #79: 1920x1080, pitch=7680, FourCC=0x58524742
[2026-04-09 14:19:03] Connection count: 1
[2026-04-09 14:19:03] Video frame #80: 1920x1080, pitch=7680, FourCC=0x58524742
[2026-04-09 14:19:03] Connection count: 1
[2026-04-09 14:19:03] Video frame #81: 1920x1080, pitch=7680, FourCC=0x58524742
[2026-04-09 14:19:03] Connection count: 1
[2026-04-09 14:19:03] Video frame #82: 1920x1080, pitch=7680, FourCC=0x58524742
[2026-04-09 14:19:03] Connection count: 1
[2026-04-09 14:19:03] Video frame #83: 1920x1080, pitch=7680, FourCC=0x58524742
[2026-04-09 14:19:03] Connection count: 1
[2026-04-09 14:19:03] Video frame #84: 1920x1080, pitch=7680, FourCC=0x58524742
[2026-04-09 14:19:03] Connection count: 1
[2026-04-09 14:19:03] Video frame #85: 1920x1080, pitch=7680, FourCC=0x58524742
[2026-04-09 14:19:03] Connection count: 1
[2026-04-09 14:19:03] Video frame #86: 1920x1080, pitch=7680, FourCC=0x58524742
[2026-04-09 14:19:03] Connection count: 1
[2026-04-09 14:19:03] Video frame #87: 1920x1080, pitch=7680, FourCC=0x58524742
[2026-04-09 14:19:03] Connection count: 1
[2026-04-09 14:19:03] Video frame #88: 1920x1080, pitch=7680, FourCC=0x58524742
[2026-04-09 14:19:03] Connection count: 1
[2026-04-09 14:19:03] Video frame #89: 1920x1080, pitch=7680, FourCC=0x58524742
[2026-04-09 14:19:03] Connection count: 1
[2026-04-09 14:19:03] Video frame #90: 1920x1080, pitch=7680, FourCC=0x58524742
[2026-04-09 14:19:03] Connection count: 1
[2026-04-09 14:19:03] Video frame #91: 1920x1080, pitch=7680, FourCC=0x58524742
[2026-04-09 14:19:03] Connection count: 1
[2026-04-09 14:19:03] Video frame #92: 1920x1080, pitch=7680, FourCC=0x58524742
[2026-04-09 14:19:03] Connection count: 1
[2026-04-09 14:19:03] Video frame #93: 1920x1080, pitch=7680, FourCC=0x58524742
[2026-04-09 14:19:03] Connection count: 1
[2026-04-09 14:19:03] Video frame #94: 1920x1080, pitch=7680, FourCC=0x58524742
[2026-04-09 14:19:03] Connection count: 1
[2026-04-09 14:19:03] Video frame #95: 1920x1080, pitch=7680, FourCC=0x58524742
[2026-04-09 14:19:03] Connection count: 1
[2026-04-09 14:19:03] Video frame #96: 1920x1080, pitch=7680, FourCC=0x58524742
[2026-04-09 14:19:04] Connection count: 1
[2026-04-09 14:19:04] Video frame #97: 1920x1080, pitch=7680, FourCC=0x58524742
[2026-04-09 14:19:04] Connection count: 1
[2026-04-09 14:19:04] Video frame #98: 1920x1080, pitch=7680, FourCC=0x58524742
[2026-04-09 14:19:04] Connection count: 1
[2026-04-09 14:19:04] Video frame #99: 1920x1080, pitch=7680, FourCC=0x58524742
[2026-04-09 14:19:04] Connection count: 1
[2026-04-09 14:19:04] Video frame #100: 1920x1080, pitch=7680, FourCC=0x58524742
[2026-04-09 14:19:04] Connection count: 1
[2026-04-09 14:19:04] Video frame #101: 1920x1080, pitch=7680, FourCC=0x58524742
[2026-04-09 14:19:04] Connection count: 1
[2026-04-09 14:19:04] Video frame #102: 1920x1080, pitch=7680, FourCC=0x58524742
[2026-04-09 14:19:04] Connection count: 1
[2026-04-09 14:19:04] Video frame #103: 1920x1080, pitch=7680, FourCC=0x58524742
[2026-04-09 14:19:04] Connection count: 1
[2026-04-09 14:19:04] Video frame #104: 1920x1080, pitch=7680, FourCC=0x58524742
[2026-04-09 14:19:04] Connection count: 1
[2026-04-09 14:19:04] Video frame #105: 1920x1080, pitch=7680, FourCC=0x58524742
[2026-04-09 14:19:04] Connection count: 1
[2026-04-09 14:19:04] Video frame #106: 1920x1080, pitch=7680, FourCC=0x58524742
[2026-04-09 14:19:04] Connection count: 1
[2026-04-09 14:19:04] Video frame #107: 1920x1080, pitch=7680, FourCC=0x58524742
[2026-04-09 14:19:04] Connection count: 1
[2026-04-09 14:19:04] Video frame #108: 1920x1080, pitch=7680, FourCC=0x58524742
[2026-04-09 14:19:04] Connection count: 1
[2026-04-09 14:19:04] Video frame #109: 1920x1080, pitch=7680, FourCC=0x58524742
[2026-04-09 14:19:04] Connection count: 1
[2026-04-09 14:19:04] Video frame #110: 1920x1080, pitch=7680, FourCC=0x58524742
[2026-04-09 14:19:04] Connection count: 1
[2026-04-09 14:19:04] Video frame #111: 1920x1080, pitch=7680, FourCC=0x58524742
[2026-04-09 14:19:04] Connection count: 1
[2026-04-09 14:19:04] Video frame #112: 1920x1080, pitch=7680, FourCC=0x58524742
[2026-04-09 14:19:04] Connection count: 1
[2026-04-09 14:19:04] Video frame #113: 1920x1080, pitch=7680, FourCC=0x58524742
[2026-04-09 14:19:04] Connection count: 1
[2026-04-09 14:19:04] Video frame #114: 1920x1080, pitch=7680, FourCC=0x58524742
[2026-04-09 14:19:04] Connection count: 1
[2026-04-09 14:19:04] Video frame #115: 1920x1080, pitch=7680, FourCC=0x58524742
[2026-04-09 14:19:04] Connection count: 1
[2026-04-09 14:19:04] Video frame #116: 1920x1080, pitch=7680, FourCC=0x58524742
[2026-04-09 14:19:04] Connection count: 1
[2026-04-09 14:19:04] Video frame #117: 1920x1080, pitch=7680, FourCC=0x58524742
[2026-04-09 14:19:04] Connection count: 1
[2026-04-09 14:19:04] Video frame #118: 1920x1080, pitch=7680, FourCC=0x58524742
[2026-04-09 14:19:04] Connection count: 1
[2026-04-09 14:19:04] Video frame #119: 1920x1080, pitch=7680, FourCC=0x58524742
[2026-04-09 14:19:04] Connection count: 1
[2026-04-09 14:19:04] Video frame #120: 1920x1080, pitch=7680, FourCC=0x58524742
[2026-04-09 14:19:04] Connection count: 1
[2026-04-09 14:19:04] Video frame #121: 1920x1080, pitch=7680, FourCC=0x58524742
[2026-04-09 14:19:04] Connection count: 1
[2026-04-09 14:19:04] Video frame #122: 1920x1080, pitch=7680, FourCC=0x58524742
[2026-04-09 14:19:04] Connection count: 1
[2026-04-09 14:19:04] Video frame #123: 1920x1080, pitch=7680, FourCC=0x58524742
[2026-04-09 14:19:04] Connection count: 1
[2026-04-09 14:19:04] Video frame #124: 1920x1080, pitch=7680, FourCC=0x58524742
[2026-04-09 14:19:04] Connection count: 1
[2026-04-09 14:19:04] Video frame #125: 1920x1080, pitch=7680, FourCC=0x58524742
[2026-04-09 14:19:04] Connection count: 1
[2026-04-09 14:19:04] Video frame #126: 1920x1080, pitch=7680, FourCC=0x58524742
[2026-04-09 14:19:05] Connection count: 1
[2026-04-09 14:19:05] Video frame #127: 1920x1080, pitch=7680, FourCC=0x58524742
[2026-04-09 14:19:05] Connection count: 1
[2026-04-09 14:19:05] Video frame #128: 1920x1080, pitch=7680, FourCC=0x58524742
[2026-04-09 14:19:05] Connection count: 1
[2026-04-09 14:19:05] Video frame #129: 1920x1080, pitch=7680, FourCC=0x58524742
[2026-04-09 14:19:05] Connection count: 1
[2026-04-09 14:19:05] Video frame #130: 1920x1080, pitch=7680, FourCC=0x58524742
[2026-04-09 14:19:05] Connection count: 1
[2026-04-09 14:19:05] Video frame #131: 1920x1080, pitch=7680, FourCC=0x58524742
[2026-04-09 14:19:05] Connection count: 1
[2026-04-09 14:19:05] Video frame #132: 1920x1080, pitch=7680, FourCC=0x58524742
[2026-04-09 14:19:05] Connection count: 1
[2026-04-09 14:19:05] Video frame #133: 1920x1080, pitch=7680, FourCC=0x58524742
[2026-04-09 14:19:05] Connection count: 1
[2026-04-09 14:19:05] Video frame #134: 1920x1080, pitch=7680, FourCC=0x58524742
[2026-04-09 14:19:05] Connection count: 1
[2026-04-09 14:19:05] Video frame #135: 1920x1080, pitch=7680, FourCC=0x58524742
[2026-04-09 14:19:05] Connection count: 1
[2026-04-09 14:19:05] Video frame #136: 1920x1080, pitch=7680, FourCC=0x58524742
[2026-04-09 14:19:05] Connection count: 1
[2026-04-09 14:19:05] Video frame #137: 1920x1080, pitch=7680, FourCC=0x58524742
[2026-04-09 14:19:05] Connection count: 1
[2026-04-09 14:19:05] Video frame #138: 1920x1080, pitch=7680, FourCC=0x58524742
[2026-04-09 14:19:05] Connection count: 1
[2026-04-09 14:19:05] Video frame #139: 1920x1080, pitch=7680, FourCC=0x58524742
[2026-04-09 14:19:05] Connection count: 1
[2026-04-09 14:19:05] Video frame #140: 1920x1080, pitch=7680, FourCC=0x58524742
[2026-04-09 14:19:05] Connection count: 1
[2026-04-09 14:19:05] Video frame #141: 1920x1080, pitch=7680, FourCC=0x58524742
[2026-04-09 14:19:05] Connection count: 1
[2026-04-09 14:19:05] Video frame #142: 1920x1080, pitch=7680, FourCC=0x58524742
[2026-04-09 14:19:05] Connection count: 1
[2026-04-09 14:19:05] Video frame #143: 1920x1080, pitch=7680, FourCC=0x58524742
[2026-04-09 14:19:05] Connection count: 1
[2026-04-09 14:19:05] Video frame #144: 1920x1080, pitch=7680, FourCC=0x58524742
[2026-04-09 14:19:05] Connection count: 1
[2026-04-09 14:19:05] Video frame #145: 1920x1080, pitch=7680, FourCC=0x58524742
[2026-04-09 14:19:05] Connection count: 1
[2026-04-09 14:19:05] Video frame #146: 1920x1080, pitch=7680, FourCC=0x58524742
[2026-04-09 14:19:05] Connection count: 1
[2026-04-09 14:19:05] Video frame #147: 1920x1080, pitch=7680, FourCC=0x58524742
[2026-04-09 14:19:05] Connection count: 1
[2026-04-09 14:19:05] Video frame #148: 1920x1080, pitch=7680, FourCC=0x58524742
[2026-04-09 14:19:05] Connection count: 1
[2026-04-09 14:19:05] Video frame #149: 1920x1080, pitch=7680, FourCC=0x58524742
[2026-04-09 14:19:05] Connection count: 1
[2026-04-09 14:19:05] Video frame #150: 1920x1080, pitch=7680, FourCC=0x58524742
[2026-04-09 14:19:05] Connection count: 1
[2026-04-09 14:19:05] Video frame #151: 1920x1080, pitch=7680, FourCC=0x58524742
[2026-04-09 14:19:05] Connection count: 1
[2026-04-09 14:19:05] Video frame #152: 1920x1080, pitch=7680, FourCC=0x58524742
[2026-04-09 14:19:05] Connection count: 1
[2026-04-09 14:19:05] Video frame #153: 1920x1080, pitch=7680, FourCC=0x58524742
[2026-04-09 14:19:05] Connection count: 1
[2026-04-09 14:19:05] Video frame #154: 1920x1080, pitch=7680, FourCC=0x58524742
[2026-04-09 14:19:05] Connection count: 1
[2026-04-09 14:19:05] Video frame #155: 1920x1080, pitch=7680, FourCC=0x58524742
[2026-04-09 14:19:05] Connection count: 1
[2026-04-09 14:19:06] Video frame #156: 1920x1080, pitch=7680, FourCC=0x58524742
[2026-04-09 14:19:06] Connection count: 1
[2026-04-09 14:19:06] Video frame #157: 1920x1080, pitch=7680, FourCC=0x58524742
[2026-04-09 14:19:06] Connection count: 1
[2026-04-09 14:19:06] Video frame #158: 1920x1080, pitch=7680, FourCC=0x58524742
[2026-04-09 14:19:06] Connection count: 1
[2026-04-09 14:19:06] Video frame #159: 1920x1080, pitch=7680, FourCC=0x58524742
[2026-04-09 14:19:06] Connection count: 1
[2026-04-09 14:19:06] Video frame #160: 1920x1080, pitch=7680, FourCC=0x58524742
[2026-04-09 14:19:06] Connection count: 1
[2026-04-09 14:19:06] Video frame #161: 1920x1080, pitch=7680, FourCC=0x58524742
[2026-04-09 14:19:06] Connection count: 1
[2026-04-09 14:19:06] Video frame #162: 1920x1080, pitch=7680, FourCC=0x58524742
[2026-04-09 14:19:06] Connection count: 1
[2026-04-09 14:19:06] Video frame #163: 1920x1080, pitch=7680, FourCC=0x58524742
[2026-04-09 14:19:06] Connection count: 1
[2026-04-09 14:19:06] Video frame #164: 1920x1080, pitch=7680, FourCC=0x58524742
[2026-04-09 14:19:06] Connection count: 1
[2026-04-09 14:19:06] Video frame #165: 1920x1080, pitch=7680, FourCC=0x58524742
[2026-04-09 14:19:06] Connection count: 1
[2026-04-09 14:19:06] Video frame #166: 1920x1080, pitch=7680, FourCC=0x58524742
[2026-04-09 14:19:06] Connection count: 1
[2026-04-09 14:19:06] Video frame #167: 1920x1080, pitch=7680, FourCC=0x58524742
[2026-04-09 14:19:06] Connection count: 1
[2026-04-09 14:19:06] Video frame #168: 1920x1080, pitch=7680, FourCC=0x58524742
[2026-04-09 14:19:06] Connection count: 1
[2026-04-09 14:19:06] Video frame #169: 1920x1080, pitch=7680, FourCC=0x58524742
[2026-04-09 14:19:06] Connection count: 1
[2026-04-09 14:19:06] Video frame #170: 1920x1080, pitch=7680, FourCC=0x58524742
[2026-04-09 14:19:06] Connection count: 1
[2026-04-09 14:19:06] Video frame #171: 1920x1080, pitch=7680, FourCC=0x58524742
[2026-04-09 14:19:06] Connection count: 1
[2026-04-09 14:19:06] Video frame #172: 1920x1080, pitch=7680, FourCC=0x58524742
[2026-04-09 14:19:06] Connection count: 1
[2026-04-09 14:19:06] Video frame #173: 1920x1080, pitch=7680, FourCC=0x58524742
[2026-04-09 14:19:06] Connection count: 1
[2026-04-09 14:19:06] Video frame #174: 1920x1080, pitch=7680, FourCC=0x58524742
[2026-04-09 14:19:06] Connection count: 1
[2026-04-09 14:19:06] Video frame #175: 1920x1080, pitch=7680, FourCC=0x58524742
[2026-04-09 14:19:06] Connection count: 1
[2026-04-09 14:19:06] Video frame #176: 1920x1080, pitch=7680, FourCC=0x58524742
[2026-04-09 14:19:06] Connection count: 1
[2026-04-09 14:19:06] Video frame #177: 1920x1080, pitch=7680, FourCC=0x58524742
[2026-04-09 14:19:06] Connection count: 1
[2026-04-09 14:19:06] Video frame #178: 1920x1080, pitch=7680, FourCC=0x58524742
[2026-04-09 14:19:06] Connection count: 1
[2026-04-09 14:19:06] Video frame #179: 1920x1080, pitch=7680, FourCC=0x58524742
[2026-04-09 14:19:06] Connection count: 1
[2026-04-09 14:19:06] Video frame #180: 1920x1080, pitch=7680, FourCC=0x58524742
[2026-04-09 14:19:06] Connection count: 1
[2026-04-09 14:19:06] Video frame #181: 1920x1080, pitch=7680, FourCC=0x58524742
[2026-04-09 14:19:06] Connection count: 1
[2026-04-09 14:19:06] Video frame #182: 1920x1080, pitch=7680, FourCC=0x58524742
[2026-04-09 14:19:06] Connection count: 1
[2026-04-09 14:19:06] Video frame #183: 1920x1080, pitch=7680, FourCC=0x58524742
[2026-04-09 14:19:06] Connection count: 1
[2026-04-09 14:19:06] Video frame #184: 1920x1080, pitch=7680, FourCC=0x58524742
[2026-04-09 14:19:06] Connection count: 1
[2026-04-09 14:19:06] Video frame #185: 1920x1080, pitch=7680, FourCC=0x58524742
[2026-04-09 14:19:06] Connection count: 1
[2026-04-09 14:19:06] Video frame #186: 1920x1080, pitch=7680, FourCC=0x58524742
[2026-04-09 14:19:07] Connection count: 1
[2026-04-09 14:19:07] Video frame #187: 1920x1080, pitch=7680, FourCC=0x58524742
[2026-04-09 14:19:07] Connection count: 1
[2026-04-09 14:19:07] Video frame #188: 1920x1080, pitch=7680, FourCC=0x58524742
[2026-04-09 14:19:07] Connection count: 1
[2026-04-09 14:19:07] Video frame #189: 1920x1080, pitch=7680, FourCC=0x58524742
[2026-04-09 14:19:07] Connection count: 1
[2026-04-09 14:19:07] Video frame #190: 1920x1080, pitch=7680, FourCC=0x58524742
[2026-04-09 14:19:07] Connection count: 1
[2026-04-09 14:19:07] Video frame #191: 1920x1080, pitch=7680, FourCC=0x58524742
[2026-04-09 14:19:07] Connection count: 1
[2026-04-09 14:19:07] Video frame #192: 1920x1080, pitch=7680, FourCC=0x58524742
[2026-04-09 14:19:07] Connection count: 1
[2026-04-09 14:19:07] Video frame #193: 1920x1080, pitch=7680, FourCC=0x58524742
[2026-04-09 14:19:07] Connection count: 1
[2026-04-09 14:19:07] Video frame #194: 1920x1080, pitch=7680, FourCC=0x58524742
[2026-04-09 14:19:07] Connection count: 1
[2026-04-09 14:19:07] Video frame #195: 1920x1080, pitch=7680, FourCC=0x58524742
[2026-04-09 14:19:07] Connection count: 1
[2026-04-09 14:19:07] Video frame #196: 1920x1080, pitch=7680, FourCC=0x58524742
[2026-04-09 14:19:07] Connection count: 1
[2026-04-09 14:19:07] Video frame #197: 1920x1080, pitch=7680, FourCC=0x58524742
[2026-04-09 14:19:07] Connection count: 1
[2026-04-09 14:19:07] Video frame #198: 1920x1080, pitch=7680, FourCC=0x58524742
[2026-04-09 14:19:07] Connection count: 1
[2026-04-09 14:19:07] Video frame #199: 1920x1080, pitch=7680, FourCC=0x58524742
[2026-04-09 14:19:07] Connection count: 1
[2026-04-09 14:19:07] Video frame #200: 1920x1080, pitch=7680, FourCC=0x58524742
[2026-04-09 14:19:07] Connection count: 1
[2026-04-09 14:19:07] Queue depth: video=0, audio=0
[2026-04-09 14:19:07] Video frame #201: 1920x1080, pitch=7680, FourCC=0x58524742
[2026-04-09 14:19:07] Connection count: 1
[2026-04-09 14:19:07] Video frame #202: 1920x1080, pitch=7680, FourCC=0x58524742
[2026-04-09 14:19:07] Connection count: 1
[2026-04-09 14:19:07] Video frame #203: 1920x1080, pitch=7680, FourCC=0x58524742
[2026-04-09 14:19:07] Connection count: 1
[2026-04-09 14:19:07] Video frame #204: 1920x1080, pitch=7680, FourCC=0x58524742
[2026-04-09 14:19:07] === Application shutting down ===
[2026-04-09 14:19:23] === Application started ===
[2026-04-09 14:19:27] Creating receiver: color_format=BGRX_BGRA, bandwidth=highest
[2026-04-09 14:19:27] Waiting for connection...
[2026-04-09 14:19:28] Connection established (waited 100ms)
[2026-04-09 14:19:28] Entering receive loop
[2026-04-09 14:19:28] Connection count: 1
[2026-04-09 14:19:28] Timeout waiting for frames (video=0, audio=0)...
[2026-04-09 14:19:28] Metadata: <ndi_capabilities ntk_registration="NDI-HX-PTZO-PTZ-V1" ntk_ptz="true" web_control="http://10.1.10.92" q_change_slow="false"/>
[2026-04-09 14:19:28] Metadata: <ndi_tally_echo on_program="true" on_preview="true"/>
[2026-04-09 14:19:28] Connection lost: no frames for 15s (video=0, audio=0)
[2026-04-09 14:19:28] Creating receiver: color_format=BGRX_BGRA, bandwidth=highest
[2026-04-09 14:19:28] Waiting for connection...
[2026-04-09 14:19:28] Connection established (waited 100ms)
[2026-04-09 14:19:28] Entering receive loop
[2026-04-09 14:19:28] Connection count: 1
[2026-04-09 14:19:28] Timeout waiting for frames (video=0, audio=0)...
[2026-04-09 14:19:28] Metadata: <ndi_capabilities ntk_registration="NDI-HX-PTZO-PTZ-V1" ntk_ptz="true" web_control="http://10.1.10.92" q_change_slow="true"/>
[2026-04-09 14:19:28] Metadata: <ndi_tally_echo on_program="true" on_preview="true"/>
[2026-04-09 14:19:28] Connection lost: no frames for 15s (video=0, audio=0)
[2026-04-09 14:19:28] Creating receiver: color_format=BGRX_BGRA, bandwidth=highest
[2026-04-09 14:19:28] Waiting for connection...
[2026-04-09 14:19:28] Connection established (waited 100ms)
[2026-04-09 14:19:28] Entering receive loop
[2026-04-09 14:19:28] Connection count: 1
[2026-04-09 14:19:28] Timeout waiting for frames (video=0, audio=0)...
[2026-04-09 14:19:28] Metadata: <ndi_capabilities ntk_registration="NDI-HX-PTZO-PTZ-V1" ntk_ptz="true" web_control="http://10.1.10.92" q_change_slow="false"/>
[2026-04-09 14:19:28] Metadata: <ndi_tally_echo on_program="true" on_preview="true"/>
[2026-04-09 14:19:28] Video frame #1: 1920x1080, pitch=7680, FourCC=0x58524742
[2026-04-09 14:19:28] Connection count: 1
[2026-04-09 14:19:28] Video frame #2: 1920x1080, pitch=7680, FourCC=0x58524742
[2026-04-09 14:19:28] Connection count: 1
[2026-04-09 14:19:28] Video frame #3: 1920x1080, pitch=7680, FourCC=0x58524742
[2026-04-09 14:19:28] Connection count: 1
[2026-04-09 14:19:28] Video frame #4: 1920x1080, pitch=7680, FourCC=0x58524742
[2026-04-09 14:19:28] Connection count: 1
[2026-04-09 14:19:28] Video frame #5: 1920x1080, pitch=7680, FourCC=0x58524742
[2026-04-09 14:19:28] Connection count: 1
[2026-04-09 14:19:28] Video frame #6: 1920x1080, pitch=7680, FourCC=0x58524742
[2026-04-09 14:19:28] Connection count: 1
[2026-04-09 14:19:28] Video frame #7: 1920x1080, pitch=7680, FourCC=0x58524742
[2026-04-09 14:19:28] Connection count: 1
[2026-04-09 14:19:28] Video frame #8: 1920x1080, pitch=7680, FourCC=0x58524742
[2026-04-09 14:19:28] Connection count: 1
[2026-04-09 14:19:28] Video frame #9: 1920x1080, pitch=7680, FourCC=0x58524742
[2026-04-09 14:19:28] Connection count: 1
[2026-04-09 14:19:28] Video frame #10: 1920x1080, pitch=7680, FourCC=0x58524742
[2026-04-09 14:19:28] Connection count: 1
[2026-04-09 14:19:28] Video frame #11: 1920x1080, pitch=7680, FourCC=0x58524742
[2026-04-09 14:19:28] Connection count: 1
[2026-04-09 14:19:28] Video frame #12: 1920x1080, pitch=7680, FourCC=0x58524742
[2026-04-09 14:19:28] Connection count: 1
[2026-04-09 14:19:28] Video frame #13: 1920x1080, pitch=7680, FourCC=0x58524742
[2026-04-09 14:19:28] Connection count: 1
[2026-04-09 14:19:29] Video frame #14: 1920x1080, pitch=7680, FourCC=0x58524742
[2026-04-09 14:19:29] Connection count: 1
[2026-04-09 14:19:29] Video frame #15: 1920x1080, pitch=7680, FourCC=0x58524742
[2026-04-09 14:19:29] Connection count: 1
[2026-04-09 14:19:29] Video frame #16: 1920x1080, pitch=7680, FourCC=0x58524742
[2026-04-09 14:19:29] Connection count: 1
[2026-04-09 14:19:29] Video frame #17: 1920x1080, pitch=7680, FourCC=0x58524742
[2026-04-09 14:19:29] Connection count: 1
[2026-04-09 14:19:29] Video frame #18: 1920x1080, pitch=7680, FourCC=0x58524742
[2026-04-09 14:19:29] Connection count: 1
[2026-04-09 14:19:29] Video frame #19: 1920x1080, pitch=7680, FourCC=0x58524742
[2026-04-09 14:19:29] Connection count: 1
[2026-04-09 14:19:29] Video frame #20: 1920x1080, pitch=7680, FourCC=0x58524742
[2026-04-09 14:19:29] Connection count: 1
[2026-04-09 14:19:29] Video frame #21: 1920x1080, pitch=7680, FourCC=0x58524742
[2026-04-09 14:19:29] Connection count: 1
[2026-04-09 14:19:29] Video frame #22: 1920x1080, pitch=7680, FourCC=0x58524742
[2026-04-09 14:19:29] Connection count: 1
[2026-04-09 14:19:29] Video frame #23: 1920x1080, pitch=7680, FourCC=0x58524742
[2026-04-09 14:19:29] Connection count: 1
[2026-04-09 14:19:29] Video frame #24: 1920x1080, pitch=7680, FourCC=0x58524742
[2026-04-09 14:19:29] Connection count: 1
[2026-04-09 14:19:29] Video frame #25: 1920x1080, pitch=7680, FourCC=0x58524742
[2026-04-09 14:19:29] Connection count: 1
[2026-04-09 14:19:29] Video frame #26: 1920x1080, pitch=7680, FourCC=0x58524742
[2026-04-09 14:19:29] Connection count: 1
[2026-04-09 14:19:29] Video frame #27: 1920x1080, pitch=7680, FourCC=0x58524742
[2026-04-09 14:19:29] Connection count: 1
[2026-04-09 14:19:29] Video frame #28: 1920x1080, pitch=7680, FourCC=0x58524742
[2026-04-09 14:19:29] Connection count: 1
[2026-04-09 14:19:29] Video frame #29: 1920x1080, pitch=7680, FourCC=0x58524742
[2026-04-09 14:19:29] Connection count: 1
[2026-04-09 14:19:29] Video frame #30: 1920x1080, pitch=7680, FourCC=0x58524742
[2026-04-09 14:19:29] Connection count: 1
[2026-04-09 14:19:29] Video frame #31: 1920x1080, pitch=7680, FourCC=0x58524742
[2026-04-09 14:19:29] Connection count: 1
[2026-04-09 14:19:29] Video frame #32: 1920x1080, pitch=7680, FourCC=0x58524742
[2026-04-09 14:19:29] Connection count: 1
[2026-04-09 14:19:29] Video frame #33: 1920x1080, pitch=7680, FourCC=0x58524742
[2026-04-09 14:19:29] Connection count: 1
[2026-04-09 14:19:29] Video frame #34: 1920x1080, pitch=7680, FourCC=0x58524742
[2026-04-09 14:19:29] Connection count: 1
[2026-04-09 14:19:29] Video frame #35: 1920x1080, pitch=7680, FourCC=0x58524742
[2026-04-09 14:19:29] Connection count: 1
[2026-04-09 14:19:29] Video frame #36: 1920x1080, pitch=7680, FourCC=0x58524742
[2026-04-09 14:19:29] Connection count: 1
[2026-04-09 14:19:29] Video frame #37: 1920x1080, pitch=7680, FourCC=0x58524742
[2026-04-09 14:19:29] Connection count: 1
[2026-04-09 14:19:29] Video frame #38: 1920x1080, pitch=7680, FourCC=0x58524742
[2026-04-09 14:19:29] Connection count: 1
[2026-04-09 14:19:29] Video frame #39: 1920x1080, pitch=7680, FourCC=0x58524742
[2026-04-09 14:19:29] Connection count: 1
[2026-04-09 14:19:29] Video frame #40: 1920x1080, pitch=7680, FourCC=0x58524742
[2026-04-09 14:19:29] Connection count: 1
[2026-04-09 14:19:29] Video frame #41: 1920x1080, pitch=7680, FourCC=0x58524742
[2026-04-09 14:19:29] Connection count: 1
[2026-04-09 14:19:29] Video frame #42: 1920x1080, pitch=7680, FourCC=0x58524742
[2026-04-09 14:19:29] Connection count: 1
[2026-04-09 14:19:29] Video frame #43: 1920x1080, pitch=7680, FourCC=0x58524742
[2026-04-09 14:19:29] Connection count: 1
[2026-04-09 14:19:30] Video frame #44: 1920x1080, pitch=7680, FourCC=0x58524742
[2026-04-09 14:19:30] Connection count: 1
[2026-04-09 14:19:30] Video frame #45: 1920x1080, pitch=7680, FourCC=0x58524742
[2026-04-09 14:19:30] Connection count: 1
[2026-04-09 14:19:30] Video frame #46: 1920x1080, pitch=7680, FourCC=0x58524742
[2026-04-09 14:19:30] Connection count: 1
[2026-04-09 14:19:30] Video frame #47: 1920x1080, pitch=7680, FourCC=0x58524742
[2026-04-09 14:19:30] Connection count: 1
[2026-04-09 14:19:30] Video frame #48: 1920x1080, pitch=7680, FourCC=0x58524742
[2026-04-09 14:19:30] Connection count: 1
[2026-04-09 14:19:30] Video frame #49: 1920x1080, pitch=7680, FourCC=0x58524742
[2026-04-09 14:19:30] Connection count: 1
[2026-04-09 14:19:30] Video frame #50: 1920x1080, pitch=7680, FourCC=0x58524742
[2026-04-09 14:19:30] Connection count: 1
[2026-04-09 14:19:30] Video frame #51: 1920x1080, pitch=7680, FourCC=0x58524742
[2026-04-09 14:19:30] Connection count: 1
[2026-04-09 14:19:30] Video frame #52: 1920x1080, pitch=7680, FourCC=0x58524742
[2026-04-09 14:19:30] Connection count: 1
[2026-04-09 14:19:30] Video frame #53: 1920x1080, pitch=7680, FourCC=0x58524742
[2026-04-09 14:19:30] Connection count: 1
[2026-04-09 14:19:30] Video frame #54: 1920x1080, pitch=7680, FourCC=0x58524742
[2026-04-09 14:19:30] Connection count: 1
[2026-04-09 14:19:30] Video frame #55: 1920x1080, pitch=7680, FourCC=0x58524742
[2026-04-09 14:19:30] Connection count: 1
[2026-04-09 14:19:30] Video frame #56: 1920x1080, pitch=7680, FourCC=0x58524742
[2026-04-09 14:19:30] Connection count: 1
[2026-04-09 14:19:30] Video frame #57: 1920x1080, pitch=7680, FourCC=0x58524742
[2026-04-09 14:19:30] Connection count: 1
[2026-04-09 14:19:30] Video frame #58: 1920x1080, pitch=7680, FourCC=0x58524742
[2026-04-09 14:19:30] Connection count: 1
[2026-04-09 14:19:30] Video frame #59: 1920x1080, pitch=7680, FourCC=0x58524742
[2026-04-09 14:19:30] Connection count: 1
[2026-04-09 14:19:30] Video frame #60: 1920x1080, pitch=7680, FourCC=0x58524742
[2026-04-09 14:19:30] Connection count: 1
[2026-04-09 14:19:30] Video frame #61: 1920x1080, pitch=7680, FourCC=0x58524742
[2026-04-09 14:19:30] Connection count: 1
[2026-04-09 14:19:30] Video frame #62: 1920x1080, pitch=7680, FourCC=0x58524742
[2026-04-09 14:19:30] Connection count: 1
[2026-04-09 14:19:30] Video frame #63: 1920x1080, pitch=7680, FourCC=0x58524742
[2026-04-09 14:19:30] Connection count: 1
[2026-04-09 14:19:30] Video frame #64: 1920x1080, pitch=7680, FourCC=0x58524742
[2026-04-09 14:19:30] Connection count: 1
[2026-04-09 14:19:30] Video frame #65: 1920x1080, pitch=7680, FourCC=0x58524742
[2026-04-09 14:19:30] Connection count: 1
[2026-04-09 14:19:30] Video frame #66: 1920x1080, pitch=7680, FourCC=0x58524742
[2026-04-09 14:19:30] Connection count: 1
[2026-04-09 14:19:30] Video frame #67: 1920x1080, pitch=7680, FourCC=0x58524742
[2026-04-09 14:19:30] Connection count: 1
[2026-04-09 14:19:30] Video frame #68: 1920x1080, pitch=7680, FourCC=0x58524742
[2026-04-09 14:19:30] Connection count: 1
[2026-04-09 14:19:30] Video frame #69: 1920x1080, pitch=7680, FourCC=0x58524742
[2026-04-09 14:19:30] Connection count: 1
[2026-04-09 14:19:30] Video frame #70: 1920x1080, pitch=7680, FourCC=0x58524742
[2026-04-09 14:19:30] Connection count: 1
[2026-04-09 14:19:30] Video frame #71: 1920x1080, pitch=7680, FourCC=0x58524742
[2026-04-09 14:19:30] Connection count: 1
[2026-04-09 14:19:30] Video frame #72: 1920x1080, pitch=7680, FourCC=0x58524742
[2026-04-09 14:19:30] Connection count: 1
[2026-04-09 14:19:30] Video frame #73: 1920x1080, pitch=7680, FourCC=0x58524742
[2026-04-09 14:19:30] Connection count: 1
[2026-04-09 14:19:30] Video frame #74: 1920x1080, pitch=7680, FourCC=0x58524742
[2026-04-09 14:19:31] Connection count: 1
[2026-04-09 14:19:31] Video frame #75: 1920x1080, pitch=7680, FourCC=0x58524742
[2026-04-09 14:19:31] Connection count: 1
[2026-04-09 14:19:31] Video frame #76: 1920x1080, pitch=7680, FourCC=0x58524742
[2026-04-09 14:19:31] Connection count: 1
[2026-04-09 14:19:31] Video frame #77: 1920x1080, pitch=7680, FourCC=0x58524742
[2026-04-09 14:19:31] Connection count: 1
[2026-04-09 14:19:31] Video frame #78: 1920x1080, pitch=7680, FourCC=0x58524742
[2026-04-09 14:19:31] Connection count: 1
[2026-04-09 14:19:31] Video frame #79: 1920x1080, pitch=7680, FourCC=0x58524742
[2026-04-09 14:19:31] Connection count: 1
[2026-04-09 14:19:31] Video frame #80: 1920x1080, pitch=7680, FourCC=0x58524742
[2026-04-09 14:19:31] Connection count: 1
[2026-04-09 14:19:31] Video frame #81: 1920x1080, pitch=7680, FourCC=0x58524742
[2026-04-09 14:19:31] Connection count: 1
[2026-04-09 14:19:31] Video frame #82: 1920x1080, pitch=7680, FourCC=0x58524742
[2026-04-09 14:19:31] Connection count: 1
[2026-04-09 14:19:31] Video frame #83: 1920x1080, pitch=7680, FourCC=0x58524742
[2026-04-09 14:19:31] Connection count: 1
[2026-04-09 14:19:31] Video frame #84: 1920x1080, pitch=7680, FourCC=0x58524742
[2026-04-09 14:19:31] Connection count: 1
[2026-04-09 14:19:31] Video frame #85: 1920x1080, pitch=7680, FourCC=0x58524742
[2026-04-09 14:19:31] Connection count: 1
[2026-04-09 14:19:31] Video frame #86: 1920x1080, pitch=7680, FourCC=0x58524742
[2026-04-09 14:19:31] Connection count: 1
[2026-04-09 14:19:31] Video frame #87: 1920x1080, pitch=7680, FourCC=0x58524742
[2026-04-09 14:19:31] Connection count: 1
[2026-04-09 14:19:31] Video frame #88: 1920x1080, pitch=7680, FourCC=0x58524742
[2026-04-09 14:19:31] Connection count: 1
[2026-04-09 14:19:31] Video frame #89: 1920x1080, pitch=7680, FourCC=0x58524742
[2026-04-09 14:19:31] Connection count: 1
[2026-04-09 14:19:31] Video frame #90: 1920x1080, pitch=7680, FourCC=0x58524742
[2026-04-09 14:19:31] Connection count: 1
[2026-04-09 14:19:31] Video frame #91: 1920x1080, pitch=7680, FourCC=0x58524742
[2026-04-09 14:19:31] Connection count: 1
[2026-04-09 14:19:31] Video frame #92: 1920x1080, pitch=7680, FourCC=0x58524742
[2026-04-09 14:19:31] Connection count: 1
[2026-04-09 14:19:31] Video frame #93: 1920x1080, pitch=7680, FourCC=0x58524742
[2026-04-09 14:19:31] Connection count: 1
[2026-04-09 14:19:31] Video frame #94: 1920x1080, pitch=7680, FourCC=0x58524742
[2026-04-09 14:19:31] Connection count: 1
[2026-04-09 14:19:31] Video frame #95: 1920x1080, pitch=7680, FourCC=0x58524742
[2026-04-09 14:19:31] Connection count: 1
[2026-04-09 14:19:31] Video frame #96: 1920x1080, pitch=7680, FourCC=0x58524742
[2026-04-09 14:19:31] Connection count: 1
[2026-04-09 14:19:31] Video frame #97: 1920x1080, pitch=7680, FourCC=0x58524742
[2026-04-09 14:19:31] Connection count: 1
[2026-04-09 14:19:31] Video frame #98: 1920x1080, pitch=7680, FourCC=0x58524742
[2026-04-09 14:19:31] Connection count: 1
[2026-04-09 14:19:31] Video frame #99: 1920x1080, pitch=7680, FourCC=0x58524742
[2026-04-09 14:19:31] Connection count: 1
[2026-04-09 14:19:31] Video frame #100: 1920x1080, pitch=7680, FourCC=0x58524742
[2026-04-09 14:19:31] Connection count: 1
[2026-04-09 14:19:31] Video frame #101: 1920x1080, pitch=7680, FourCC=0x58524742
[2026-04-09 14:19:31] Connection count: 1
[2026-04-09 14:19:31] Video frame #102: 1920x1080, pitch=7680, FourCC=0x58524742
[2026-04-09 14:19:31] Connection count: 1
[2026-04-09 14:19:31] Video frame #103: 1920x1080, pitch=7680, FourCC=0x58524742
[2026-04-09 14:19:31] Connection count: 1
[2026-04-09 14:19:32] Video frame #104: 1920x1080, pitch=7680, FourCC=0x58524742
[2026-04-09 14:19:32] Connection count: 1
[2026-04-09 14:19:32] Video frame #105: 1920x1080, pitch=7680, FourCC=0x58524742
[2026-04-09 14:19:32] Connection count: 1
[2026-04-09 14:19:32] Video frame #106: 1920x1080, pitch=7680, FourCC=0x58524742
[2026-04-09 14:19:32] Connection count: 1
[2026-04-09 14:19:32] Video frame #107: 1920x1080, pitch=7680, FourCC=0x58524742
[2026-04-09 14:19:32] Connection count: 1
[2026-04-09 14:19:32] Video frame #108: 1920x1080, pitch=7680, FourCC=0x58524742
[2026-04-09 14:19:32] Connection count: 1
[2026-04-09 14:19:32] Video frame #109: 1920x1080, pitch=7680, FourCC=0x58524742
[2026-04-09 14:19:32] Connection count: 1
[2026-04-09 14:19:32] Video frame #110: 1920x1080, pitch=7680, FourCC=0x58524742
[2026-04-09 14:19:32] Connection count: 1
[2026-04-09 14:19:32] Video frame #111: 1920x1080, pitch=7680, FourCC=0x58524742
[2026-04-09 14:19:32] Connection count: 1
[2026-04-09 14:19:32] Video frame #112: 1920x1080, pitch=7680, FourCC=0x58524742
[2026-04-09 14:19:32] Connection count: 1
[2026-04-09 14:19:32] Video frame #113: 1920x1080, pitch=7680, FourCC=0x58524742
[2026-04-09 14:19:32] Connection count: 1
[2026-04-09 14:19:32] Video frame #114: 1920x1080, pitch=7680, FourCC=0x58524742
[2026-04-09 14:19:32] Connection count: 1
[2026-04-09 14:19:32] Video frame #115: 1920x1080, pitch=7680, FourCC=0x58524742
[2026-04-09 14:19:32] Connection count: 1
[2026-04-09 14:19:32] Video frame #116: 1920x1080, pitch=7680, FourCC=0x58524742
[2026-04-09 14:19:32] Connection count: 1
[2026-04-09 14:19:32] Video frame #117: 1920x1080, pitch=7680, FourCC=0x58524742
[2026-04-09 14:19:32] Connection count: 1
[2026-04-09 14:19:32] Video frame #118: 1920x1080, pitch=7680, FourCC=0x58524742
[2026-04-09 14:19:32] Connection count: 1
[2026-04-09 14:19:32] Video frame #119: 1920x1080, pitch=7680, FourCC=0x58524742
[2026-04-09 14:19:32] Connection count: 1
[2026-04-09 14:19:32] Video frame #120: 1920x1080, pitch=7680, FourCC=0x58524742
[2026-04-09 14:19:32] Connection count: 1
[2026-04-09 14:19:32] Video frame #121: 1920x1080, pitch=7680, FourCC=0x58524742
[2026-04-09 14:19:32] Connection count: 1
[2026-04-09 14:19:32] Video frame #122: 1920x1080, pitch=7680, FourCC=0x58524742
[2026-04-09 14:19:32] Connection count: 1
[2026-04-09 14:19:32] Video frame #123: 1920x1080, pitch=7680, FourCC=0x58524742
[2026-04-09 14:19:32] Connection count: 1
[2026-04-09 14:19:32] Video frame #124: 1920x1080, pitch=7680, FourCC=0x58524742
[2026-04-09 14:19:32] Connection count: 1
[2026-04-09 14:19:32] Video frame #125: 1920x1080, pitch=7680, FourCC=0x58524742
[2026-04-09 14:19:32] Connection count: 1
[2026-04-09 14:19:32] Video frame #126: 1920x1080, pitch=7680, FourCC=0x58524742
[2026-04-09 14:19:32] Connection count: 1
[2026-04-09 14:19:32] Video frame #127: 1920x1080, pitch=7680, FourCC=0x58524742
[2026-04-09 14:19:32] Connection count: 1
[2026-04-09 14:19:32] Video frame #128: 1920x1080, pitch=7680, FourCC=0x58524742
[2026-04-09 14:19:32] Connection count: 1
[2026-04-09 14:19:32] Video frame #129: 1920x1080, pitch=7680, FourCC=0x58524742
[2026-04-09 14:19:32] Connection count: 1
[2026-04-09 14:19:32] Video frame #130: 1920x1080, pitch=7680, FourCC=0x58524742
[2026-04-09 14:19:32] Connection count: 1
[2026-04-09 14:19:32] Video frame #131: 1920x1080, pitch=7680, FourCC=0x58524742
[2026-04-09 14:19:32] Connection count: 1
[2026-04-09 14:19:32] Video frame #132: 1920x1080, pitch=7680, FourCC=0x58524742
[2026-04-09 14:19:32] Connection count: 1
[2026-04-09 14:19:32] Video frame #133: 1920x1080, pitch=7680, FourCC=0x58524742
[2026-04-09 14:19:32] Connection count: 1
[2026-04-09 14:19:33] Video frame #134: 1920x1080, pitch=7680, FourCC=0x58524742
[2026-04-09 14:19:33] Connection count: 1
[2026-04-09 14:19:33] Video frame #135: 1920x1080, pitch=7680, FourCC=0x58524742
[2026-04-09 14:19:33] Connection count: 1
[2026-04-09 14:19:33] Video frame #136: 1920x1080, pitch=7680, FourCC=0x58524742
[2026-04-09 14:19:33] Connection count: 1
[2026-04-09 14:19:33] Video frame #137: 1920x1080, pitch=7680, FourCC=0x58524742
[2026-04-09 14:19:33] Connection count: 1
[2026-04-09 14:19:33] Video frame #138: 1920x1080, pitch=7680, FourCC=0x58524742
[2026-04-09 14:19:33] Connection count: 1
[2026-04-09 14:19:33] Video frame #139: 1920x1080, pitch=7680, FourCC=0x58524742
[2026-04-09 14:19:33] Connection count: 1
[2026-04-09 14:19:33] Video frame #140: 1920x1080, pitch=7680, FourCC=0x58524742
[2026-04-09 14:19:33] Connection count: 1
[2026-04-09 14:19:33] Video frame #141: 1920x1080, pitch=7680, FourCC=0x58524742
[2026-04-09 14:19:33] Connection count: 1
[2026-04-09 14:19:33] Video frame #142: 1920x1080, pitch=7680, FourCC=0x58524742
[2026-04-09 14:19:33] Connection count: 1
[2026-04-09 14:19:33] Video frame #143: 1920x1080, pitch=7680, FourCC=0x58524742
[2026-04-09 14:19:33] Connection count: 1
[2026-04-09 14:19:33] Video frame #144: 1920x1080, pitch=7680, FourCC=0x58524742
[2026-04-09 14:19:33] Connection count: 1
[2026-04-09 14:19:33] Video frame #145: 1920x1080, pitch=7680, FourCC=0x58524742
[2026-04-09 14:19:33] Connection count: 1
[2026-04-09 14:19:33] Video frame #146: 1920x1080, pitch=7680, FourCC=0x58524742
[2026-04-09 14:19:33] Connection count: 1
[2026-04-09 14:19:33] Video frame #147: 1920x1080, pitch=7680, FourCC=0x58524742
[2026-04-09 14:19:33] Connection count: 1
[2026-04-09 14:19:33] Video frame #148: 1920x1080, pitch=7680, FourCC=0x58524742
[2026-04-09 14:19:33] Connection count: 1
[2026-04-09 14:19:33] Video frame #149: 1920x1080, pitch=7680, FourCC=0x58524742
[2026-04-09 14:19:33] Connection count: 1
[2026-04-09 14:19:33] Video frame #150: 1920x1080, pitch=7680, FourCC=0x58524742
[2026-04-09 14:19:33] Connection count: 1
[2026-04-09 14:19:33] Video frame #151: 1920x1080, pitch=7680, FourCC=0x58524742
[2026-04-09 14:19:33] Connection count: 1
[2026-04-09 14:19:33] Video frame #152: 1920x1080, pitch=7680, FourCC=0x58524742
[2026-04-09 14:19:33] Connection count: 1
[2026-04-09 14:19:33] Video frame #153: 1920x1080, pitch=7680, FourCC=0x58524742
[2026-04-09 14:19:33] Connection count: 1
[2026-04-09 14:19:33] Video frame #154: 1920x1080, pitch=7680, FourCC=0x58524742
[2026-04-09 14:19:33] Connection count: 1
[2026-04-09 14:19:33] Video frame #155: 1920x1080, pitch=7680, FourCC=0x58524742
[2026-04-09 14:19:33] Connection count: 1
[2026-04-09 14:19:33] Video frame #156: 1920x1080, pitch=7680, FourCC=0x58524742
[2026-04-09 14:19:33] Connection count: 1
[2026-04-09 14:19:33] Video frame #157: 1920x1080, pitch=7680, FourCC=0x58524742
[2026-04-09 14:19:33] Connection count: 1
[2026-04-09 14:19:33] Video frame #158: 1920x1080, pitch=7680, FourCC=0x58524742
[2026-04-09 14:19:33] Connection count: 1
[2026-04-09 14:19:33] Video frame #159: 1920x1080, pitch=7680, FourCC=0x58524742
[2026-04-09 14:19:33] Connection count: 1
[2026-04-09 14:19:33] Video frame #160: 1920x1080, pitch=7680, FourCC=0x58524742
[2026-04-09 14:19:33] Connection count: 1
[2026-04-09 14:19:33] Video frame #161: 1920x1080, pitch=7680, FourCC=0x58524742
[2026-04-09 14:19:33] Connection count: 1
[2026-04-09 14:19:33] Video frame #162: 1920x1080, pitch=7680, FourCC=0x58524742
[2026-04-09 14:19:33] Connection count: 1
[2026-04-09 14:19:33] Video frame #163: 1920x1080, pitch=7680, FourCC=0x58524742
[2026-04-09 14:19:33] Connection count: 1
[2026-04-09 14:19:34] Video frame #164: 1920x1080, pitch=7680, FourCC=0x58524742
[2026-04-09 14:19:34] Connection count: 1
[2026-04-09 14:19:34] Video frame #165: 1920x1080, pitch=7680, FourCC=0x58524742
[2026-04-09 14:19:34] Connection count: 1
[2026-04-09 14:19:34] Video frame #166: 1920x1080, pitch=7680, FourCC=0x58524742
[2026-04-09 14:19:34] Connection count: 1
[2026-04-09 14:19:34] Video frame #167: 1920x1080, pitch=7680, FourCC=0x58524742
[2026-04-09 14:19:34] Connection count: 1
[2026-04-09 14:19:34] Video frame #168: 1920x1080, pitch=7680, FourCC=0x58524742
[2026-04-09 14:19:34] Connection count: 1
[2026-04-09 14:19:34] Video frame #169: 1920x1080, pitch=7680, FourCC=0x58524742
[2026-04-09 14:19:34] Connection count: 1
[2026-04-09 14:19:34] Video frame #170: 1920x1080, pitch=7680, FourCC=0x58524742
[2026-04-09 14:19:34] Connection count: 1
[2026-04-09 14:19:34] Video frame #171: 1920x1080, pitch=7680, FourCC=0x58524742
[2026-04-09 14:19:34] Connection count: 1
[2026-04-09 14:19:34] Video frame #172: 1920x1080, pitch=7680, FourCC=0x58524742
[2026-04-09 14:19:34] Connection count: 1
[2026-04-09 14:19:34] Video frame #173: 1920x1080, pitch=7680, FourCC=0x58524742
[2026-04-09 14:19:34] Connection count: 1
[2026-04-09 14:19:34] Video frame #174: 1920x1080, pitch=7680, FourCC=0x58524742
[2026-04-09 14:19:34] Connection count: 1
[2026-04-09 14:19:34] Video frame #175: 1920x1080, pitch=7680, FourCC=0x58524742
[2026-04-09 14:19:34] Connection count: 1
[2026-04-09 14:19:34] Video frame #176: 1920x1080, pitch=7680, FourCC=0x58524742
[2026-04-09 14:19:34] Connection count: 1
[2026-04-09 14:19:34] Video frame #177: 1920x1080, pitch=7680, FourCC=0x58524742
[2026-04-09 14:19:34] Connection count: 1
[2026-04-09 14:19:34] Video frame #178: 1920x1080, pitch=7680, FourCC=0x58524742
[2026-04-09 14:19:34] Connection count: 1
[2026-04-09 14:19:34] Video frame #179: 1920x1080, pitch=7680, FourCC=0x58524742
[2026-04-09 14:19:34] Connection count: 1
[2026-04-09 14:19:34] Video frame #180: 1920x1080, pitch=7680, FourCC=0x58524742
[2026-04-09 14:19:34] Connection count: 1
[2026-04-09 14:19:34] Video frame #181: 1920x1080, pitch=7680, FourCC=0x58524742
[2026-04-09 14:19:34] Connection count: 1
[2026-04-09 14:19:34] Video frame #182: 1920x1080, pitch=7680, FourCC=0x58524742
[2026-04-09 14:19:34] Connection count: 1
[2026-04-09 14:19:34] Video frame #183: 1920x1080, pitch=7680, FourCC=0x58524742
[2026-04-09 14:19:34] Connection count: 1
[2026-04-09 14:19:34] Video frame #184: 1920x1080, pitch=7680, FourCC=0x58524742
[2026-04-09 14:19:34] Connection count: 1
[2026-04-09 14:19:34] Video frame #185: 1920x1080, pitch=7680, FourCC=0x58524742
[2026-04-09 14:19:34] Connection count: 1
[2026-04-09 14:19:34] Video frame #186: 1920x1080, pitch=7680, FourCC=0x58524742
[2026-04-09 14:19:34] Connection count: 1
[2026-04-09 14:19:34] Video frame #187: 1920x1080, pitch=7680, FourCC=0x58524742
[2026-04-09 14:19:34] Connection count: 1
[2026-04-09 14:19:34] Video frame #188: 1920x1080, pitch=7680, FourCC=0x58524742
[2026-04-09 14:19:34] Connection count: 1
[2026-04-09 14:19:34] Video frame #189: 1920x1080, pitch=7680, FourCC=0x58524742
[2026-04-09 14:19:34] Connection count: 1
[2026-04-09 14:19:34] Video frame #190: 1920x1080, pitch=7680, FourCC=0x58524742
[2026-04-09 14:19:34] Connection count: 1
[2026-04-09 14:19:34] Video frame #191: 1920x1080, pitch=7680, FourCC=0x58524742
[2026-04-09 14:19:34] Connection count: 1
[2026-04-09 14:19:34] Video frame #192: 1920x1080, pitch=7680, FourCC=0x58524742
[2026-04-09 14:19:34] Connection count: 1
[2026-04-09 14:19:34] Video frame #193: 1920x1080, pitch=7680, FourCC=0x58524742
[2026-04-09 14:19:34] Connection count: 1
[2026-04-09 14:19:34] Video frame #194: 1920x1080, pitch=7680, FourCC=0x58524742
[2026-04-09 14:19:35] Connection count: 1
[2026-04-09 14:19:35] Video frame #195: 1920x1080, pitch=7680, FourCC=0x58524742
[2026-04-09 14:19:35] Connection count: 1
[2026-04-09 14:19:35] Video frame #196: 1920x1080, pitch=7680, FourCC=0x58524742
[2026-04-09 14:19:35] Connection count: 1
[2026-04-09 14:19:35] Video frame #197: 1920x1080, pitch=7680, FourCC=0x58524742
[2026-04-09 14:19:35] Connection count: 1
[2026-04-09 14:19:35] Video frame #198: 1920x1080, pitch=7680, FourCC=0x58524742
[2026-04-09 14:19:35] Connection count: 1
[2026-04-09 14:19:35] Video frame #199: 1920x1080, pitch=7680, FourCC=0x58524742
[2026-04-09 14:19:35] Connection count: 1
[2026-04-09 14:19:35] Video frame #200: 1920x1080, pitch=7680, FourCC=0x58524742
[2026-04-09 14:19:35] Connection count: 1
[2026-04-09 14:19:35] Queue depth: video=0, audio=0
[2026-04-09 14:19:35] Video frame #201: 1920x1080, pitch=7680, FourCC=0x58524742
[2026-04-09 14:19:35] Connection count: 1
[2026-04-09 14:19:35] Video frame #202: 1920x1080, pitch=7680, FourCC=0x58524742
[2026-04-09 14:19:35] Connection count: 1
[2026-04-09 14:19:35] Video frame #203: 1920x1080, pitch=7680, FourCC=0x58524742
[2026-04-09 14:19:35] Connection count: 1
[2026-04-09 14:19:35] Video frame #204: 1920x1080, pitch=7680, FourCC=0x58524742
[2026-04-09 14:19:35] Connection count: 1
[2026-04-09 14:19:35] Video frame #205: 1920x1080, pitch=7680, FourCC=0x58524742
[2026-04-09 14:19:35] Connection count: 1
[2026-04-09 14:19:35] Video frame #206: 1920x1080, pitch=7680, FourCC=0x58524742
[2026-04-09 14:19:35] Connection count: 1
[2026-04-09 14:19:35] Video frame #207: 1920x1080, pitch=7680, FourCC=0x58524742
[2026-04-09 14:19:35] Connection count: 1
[2026-04-09 14:19:35] Video frame #208: 1920x1080, pitch=7680, FourCC=0x58524742
[2026-04-09 14:19:35] Connection count: 1
[2026-04-09 14:19:35] Video frame #209: 1920x1080, pitch=7680, FourCC=0x58524742
[2026-04-09 14:19:35] Connection count: 1
[2026-04-09 14:19:35] Video frame #210: 1920x1080, pitch=7680, FourCC=0x58524742
[2026-04-09 14:19:35] Connection count: 1
[2026-04-09 14:19:35] Video frame #211: 1920x1080, pitch=7680, FourCC=0x58524742
[2026-04-09 14:19:35] Connection count: 1
[2026-04-09 14:19:35] Video frame #212: 1920x1080, pitch=7680, FourCC=0x58524742
[2026-04-09 14:19:35] Connection count: 1
[2026-04-09 14:19:35] Video frame #213: 1920x1080, pitch=7680, FourCC=0x58524742
[2026-04-09 14:19:35] Connection count: 1
[2026-04-09 14:19:35] Video frame #214: 1920x1080, pitch=7680, FourCC=0x58524742
[2026-04-09 14:19:35] Connection count: 1
[2026-04-09 14:19:35] Video frame #215: 1920x1080, pitch=7680, FourCC=0x58524742
[2026-04-09 14:19:35] Connection count: 1
[2026-04-09 14:19:35] Video frame #216: 1920x1080, pitch=7680, FourCC=0x58524742
[2026-04-09 14:19:35] Connection count: 1
[2026-04-09 14:19:35] Video frame #217: 1920x1080, pitch=7680, FourCC=0x58524742
[2026-04-09 14:19:35] Connection count: 1
[2026-04-09 14:19:35] Video frame #218: 1920x1080, pitch=7680, FourCC=0x58524742
[2026-04-09 14:19:35] Connection count: 1
[2026-04-09 14:19:35] Video frame #219: 1920x1080, pitch=7680, FourCC=0x58524742
[2026-04-09 14:19:35] Connection count: 1
[2026-04-09 14:19:35] Video frame #220: 1920x1080, pitch=7680, FourCC=0x58524742
[2026-04-09 14:19:35] Connection count: 1
[2026-04-09 14:19:35] Video frame #221: 1920x1080, pitch=7680, FourCC=0x58524742
[2026-04-09 14:19:35] Connection count: 1
[2026-04-09 14:19:35] Video frame #222: 1920x1080, pitch=7680, FourCC=0x58524742
[2026-04-09 14:19:35] Connection count: 1
[2026-04-09 14:19:35] Video frame #223: 1920x1080, pitch=7680, FourCC=0x58524742
[2026-04-09 14:19:35] Connection count: 1
[2026-04-09 14:19:36] Video frame #224: 1920x1080, pitch=7680, FourCC=0x58524742
[2026-04-09 14:19:36] Connection count: 1
[2026-04-09 14:19:36] Video frame #225: 1920x1080, pitch=7680, FourCC=0x58524742
[2026-04-09 14:19:36] Connection count: 1
[2026-04-09 14:19:36] Video frame #226: 1920x1080, pitch=7680, FourCC=0x58524742
[2026-04-09 14:19:36] Connection count: 1
[2026-04-09 14:19:36] Video frame #227: 1920x1080, pitch=7680, FourCC=0x58524742
[2026-04-09 14:19:36] Connection count: 1
[2026-04-09 14:19:36] Video frame #228: 1920x1080, pitch=7680, FourCC=0x58524742
[2026-04-09 14:19:36] Connection count: 1
[2026-04-09 14:19:36] Video frame #229: 1920x1080, pitch=7680, FourCC=0x58524742
[2026-04-09 14:19:36] Connection count: 1
[2026-04-09 14:19:36] Video frame #230: 1920x1080, pitch=7680, FourCC=0x58524742
[2026-04-09 14:19:36] === Application shutting down ===
